{"$id":"928","definitionId":"ca3fca12bcb04b929fd04ebc0ef7b301","versionId":"c7cf5d439dd0493cb9723a47b14808e1","name":"Qualify Lead","displayName":"Qualifies a Lead","description":"This workflow performs the Lead Qualification Process","version":7,"variables":{"$id":"929","data":{}},"customAttributes":{"$id":"930","data":{}},"isSingleton":false,"persistenceBehavior":"WorkflowBurst","deleteCompletedInstances":false,"isPublished":true,"isLatest":true,"createdAt":"2023-10-29T01:08:45.1800489Z","activities":[{"$id":"931","activityId":"f638077f-8e67-49af-b93c-4e495fbdeeaf","type":"ObjectInstanceList","name":"GetCustomers","displayName":"GetCustomers","x":920,"y":340,"persistWorkflow":false,"loadWorkflowContext":false,"saveWorkflowContext":false,"properties":[{"$id":"932","name":"ObjectType","expressions":{"$id":"933","Literal":"3"}},{"$id":"934","name":"Filter","syntax":"Liquid","expressions":{"$id":"935","Liquid":"Title eq '{{Variables.ThisLead.CompanyName}}'"}},{"$id":"936","name":"Skip","expressions":{"$id":"937"}},{"$id":"938","name":"Limit","expressions":{"$id":"939"}},{"$id":"940","name":"OrderBy","expressions":{"$id":"941"}}],"propertyStorageProviders":{"$id":"942"}},{"$id":"943","activityId":"7b45079c-f083-4309-b4dd-2877b7e30860","type":"If","name":"IFCustomerExists","displayName":"If the customer exists","x":920,"y":460,"persistWorkflow":false,"loadWorkflowContext":false,"saveWorkflowContext":false,"properties":[{"$id":"944","name":"Condition","syntax":"JavaScript","expressions":{"$id":"945","JavaScript":"activities.GetCustomers.Output().count>0"}}],"propertyStorageProviders":{"$id":"946"}},{"$id":"947","activityId":"4a97969c-4745-45d8-b995-87503566493c","type":"SetVariable","displayName":"Set Variable ThisCustomer","x":1280,"y":360,"persistWorkflow":false,"loadWorkflowContext":false,"saveWorkflowContext":false,"properties":[{"$id":"948","name":"VariableName","expressions":{"$id":"949","Literal":"ThisCustomer"}},{"$id":"950","name":"Value","syntax":"JavaScript","expressions":{"$id":"951","JavaScript":"activities.GetCustomers.Output()[0]"}}],"propertyStorageProviders":{"$id":"952"}},{"$id":"953","activityId":"c4377bce-ace1-4b7b-8b9e-bad90977da83","type":"ObjectInstanceCreate","name":"CreateCustomer","displayName":"Create New Customer","x":1300,"y":540,"persistWorkflow":false,"loadWorkflowContext":false,"saveWorkflowContext":false,"properties":[{"$id":"954","name":"ObjectType","expressions":{"$id":"955","Literal":"3"}},{"$id":"956","name":"Values","syntax":"JavaScript","expressions":{"$id":"957","JavaScript":"var result = {\r\n    \"Title\": getVariable(\"ThisLead\").CompanyName\r\n};\r\nreturn result;"}},{"$id":"958","name":"VariableName","expressions":{"$id":"959","Literal":"ThisCustomer"}}],"propertyStorageProviders":{"$id":"960"}},{"$id":"961","activityId":"0e39b5c1-0d0a-4c1e-a5f6-e77da0516f9a","type":"ObjectInstanceList","name":"GetContact","displayName":"Get Contact","x":1780,"y":460,"persistWorkflow":false,"loadWorkflowContext":false,"saveWorkflowContext":false,"properties":[{"$id":"962","name":"ObjectType","expressions":{"$id":"963","Literal":"4"}},{"$id":"964","name":"Filter","syntax":"Liquid","expressions":{"$id":"965","Liquid":"Email eq '{{Variables.ThisLead.Email}}'"}},{"$id":"966","name":"Skip","expressions":{"$id":"967"}},{"$id":"968","name":"Limit","expressions":{"$id":"969"}},{"$id":"970","name":"OrderBy","expressions":{"$id":"971"}}],"propertyStorageProviders":{"$id":"972"}},{"$id":"973","activityId":"4173fbc9-d7af-403c-b082-bcdfe9a94e15","type":"If","displayName":"If the Contact Exists","x":920,"y":640,"persistWorkflow":false,"loadWorkflowContext":false,"saveWorkflowContext":false,"properties":[{"$id":"974","name":"Condition","syntax":"JavaScript","expressions":{"$id":"975","JavaScript":"activities.GetContact.Output().count >0"}}],"propertyStorageProviders":{"$id":"976"}},{"$id":"977","activityId":"7bc3cf21-ac1e-4b25-9c23-04b32131e579","type":"SetVariable","displayName":"Set Variable ThisContact","x":1280,"y":640,"persistWorkflow":false,"loadWorkflowContext":false,"saveWorkflowContext":false,"properties":[{"$id":"978","name":"VariableName","expressions":{"$id":"979","Literal":"ThisContact"}},{"$id":"980","name":"Value","syntax":"JavaScript","expressions":{"$id":"981","JavaScript":"activities.GetContact.Output()[0]"}}],"propertyStorageProviders":{"$id":"982"}},{"$id":"983","activityId":"dc10e2ee-c5e2-4392-a64e-e396c2cc5b66","type":"ObjectInstanceCreate","displayName":"Create New Contact","x":1280,"y":740,"persistWorkflow":false,"loadWorkflowContext":false,"saveWorkflowContext":false,"properties":[{"$id":"984","name":"ObjectType","expressions":{"$id":"985","Literal":"4"}},{"$id":"986","name":"Values","syntax":"JavaScript","expressions":{"$id":"987","JavaScript":"var result = {\r\n    \"FullName\": getVariable(\"ThisLead\").FirstName + \" \" + getVariable(\"ThisLead\").LastName,\r\n    \"Email\": getVariable(\"ThisLead\").Email,\r\n    \"Phone\": getVariable(\"ThisLead\").Phone,\r\n    \"Customer\": getVariable(\"ThisCustomer\").ObjectId\r\n};\r\nreturn result;      "}},{"$id":"988","name":"VariableName","expressions":{"$id":"989","Literal":"ThisContact"}}],"propertyStorageProviders":{"$id":"990"}},{"$id":"991","activityId":"45577d19-9240-4c30-9afc-c29169d0ee45","type":"SetVariable","displayName":"Set Variable","x":920,"y":180,"persistWorkflow":false,"loadWorkflowContext":false,"saveWorkflowContext":false,"properties":[{"$id":"992","name":"VariableName","expressions":{"$id":"993","Literal":"ThisLead"}},{"$id":"994","name":"Value","syntax":"JavaScript","expressions":{"$id":"995","JavaScript":"activities.Qualify.Instance()"}}],"propertyStorageProviders":{"$id":"996"}},{"$id":"997","activityId":"f7a93694-e674-4867-940f-fe028157e62c","type":"ObjectInstanceTrigger","name":"Qualify","displayName":"Qualify this lead","x":600,"y":100,"persistWorkflow":false,"loadWorkflowContext":false,"saveWorkflowContext":false,"properties":[{"$id":"998","name":"ObjectTypeId","expressions":{"$id":"999","Literal":"1"}}],"propertyStorageProviders":{"$id":"1000"}},{"$id":"1001","activityId":"d9a66f55-0e4a-46f5-9870-72378777ba48","type":"ObjectInstanceCreate","displayName":"Create Opportunity","x":1720,"y":700,"persistWorkflow":false,"loadWorkflowContext":false,"saveWorkflowContext":false,"properties":[{"$id":"1002","name":"ObjectType","expressions":{"$id":"1003","Literal":"5"}},{"$id":"1004","name":"Values","syntax":"JavaScript","expressions":{"$id":"1005","JavaScript":"var result = {\r\n    \"Customer\": getVariable(\"ThisCustomer\").ObjectId,\r\n    \"Contact\": getVariable(\"ThisContact\").ObjectId,\r\n    \"CloseDate\": getVariable(\"ThisLead\").EstClose,\r\n    \"Amount\": getVariable(\"ThisLead\").EstAmount,\r\n    \"Status\": 6,\r\n    \"Title\": getVariable(\"ThisLead\").Title\r\n};\r\nreturn result;"}},{"$id":"1006","name":"VariableName","expressions":{"$id":"1007","Literal":"ThisOpportunity"}}],"propertyStorageProviders":{"$id":"1008"}},{"$id":"1009","activityId":"d1c642aa-4137-488b-a7ef-e0c34c67f3fa","type":"ObjectInstanceUpdate","displayName":"Update Object Instance","x":1880,"y":860,"persistWorkflow":false,"loadWorkflowContext":false,"saveWorkflowContext":false,"properties":[{"$id":"1010","name":"InstanceId","syntax":"JavaScript","expressions":{"$id":"1011","JavaScript":"getVariable(\"ThisLead\").ObjectId"}},{"$id":"1012","name":"ClearOmittedFields","expressions":{"$id":"1013"}},{"$id":"1014","name":"Values","expressions":{"$id":"1015","Json":"{\"Status\":\"4\"}"}},{"$id":"1016","name":"VariableName","expressions":{"$id":"1017","Literal":"UpdatedLead"}}],"propertyStorageProviders":{"$id":"1018"}}],"connections":[{"$id":"1019","sourceActivityId":"f7a93694-e674-4867-940f-fe028157e62c","targetActivityId":"45577d19-9240-4c30-9afc-c29169d0ee45","outcome":"Done"},{"$id":"1020","sourceActivityId":"45577d19-9240-4c30-9afc-c29169d0ee45","targetActivityId":"f638077f-8e67-49af-b93c-4e495fbdeeaf","outcome":"Done"},{"$id":"1021","sourceActivityId":"f638077f-8e67-49af-b93c-4e495fbdeeaf","targetActivityId":"7b45079c-f083-4309-b4dd-2877b7e30860","outcome":"Done"},{"$id":"1022","sourceActivityId":"7b45079c-f083-4309-b4dd-2877b7e30860","targetActivityId":"4a97969c-4745-45d8-b995-87503566493c","outcome":"True"},{"$id":"1023","sourceActivityId":"7b45079c-f083-4309-b4dd-2877b7e30860","targetActivityId":"c4377bce-ace1-4b7b-8b9e-bad90977da83","outcome":"False"},{"$id":"1024","sourceActivityId":"4a97969c-4745-45d8-b995-87503566493c","targetActivityId":"0e39b5c1-0d0a-4c1e-a5f6-e77da0516f9a","outcome":"Done"},{"$id":"1025","sourceActivityId":"c4377bce-ace1-4b7b-8b9e-bad90977da83","targetActivityId":"0e39b5c1-0d0a-4c1e-a5f6-e77da0516f9a","outcome":"Done"},{"$id":"1026","sourceActivityId":"0e39b5c1-0d0a-4c1e-a5f6-e77da0516f9a","targetActivityId":"4173fbc9-d7af-403c-b082-bcdfe9a94e15","outcome":"Done"},{"$id":"1027","sourceActivityId":"4173fbc9-d7af-403c-b082-bcdfe9a94e15","targetActivityId":"7bc3cf21-ac1e-4b25-9c23-04b32131e579","outcome":"True"},{"$id":"1028","sourceActivityId":"4173fbc9-d7af-403c-b082-bcdfe9a94e15","targetActivityId":"dc10e2ee-c5e2-4392-a64e-e396c2cc5b66","outcome":"False"},{"$id":"1029","sourceActivityId":"7bc3cf21-ac1e-4b25-9c23-04b32131e579","targetActivityId":"d9a66f55-0e4a-46f5-9870-72378777ba48","outcome":"Done"},{"$id":"1030","sourceActivityId":"dc10e2ee-c5e2-4392-a64e-e396c2cc5b66","targetActivityId":"d9a66f55-0e4a-46f5-9870-72378777ba48","outcome":"Done"},{"$id":"1031","sourceActivityId":"d9a66f55-0e4a-46f5-9870-72378777ba48","targetActivityId":"d1c642aa-4137-488b-a7ef-e0c34c67f3fa","outcome":"Done"}],"id":"c7cf5d439dd0493cb9723a47b14808e1"}