{"$id":"1","definitionId":"11fe7511bfe44689ae72d3795545b7df","versionId":"4e28e71f5959470f9586ccefd5c295af","displayName":"WorkflowsCRM-TYPES","description":"SETUPTYPES_WorkflowsCRM","version":3,"variables":{"$id":"2","data":{}},"customAttributes":{"$id":"3","data":{}},"isSingleton":false,"persistenceBehavior":"WorkflowBurst","deleteCompletedInstances":false,"isPublished":true,"isLatest":true,"createdAt":"2023-10-29T01:22:01.9419826Z","activities":[{"$id":"4","activityId":"CreateType_Lead","type":"TypeCreate","name":"CreateType_Lead","displayName":"CreateType_Lead","description":"CreateType_Lead","x":64,"y":128,"persistWorkflow":false,"loadWorkflowContext":false,"saveWorkflowContext":false,"properties":[{"$id":"5","name":"TypeName","syntax":"Literal","expressions":{"$id":"6","Literal":"Lead"}},{"$id":"7","name":"TypeDescription","syntax":"Literal","expressions":{"$id":"8","Literal":"A Lead"}}],"propertyStorageProviders":{"$id":"9"}},{"$id":"10","activityId":"CreateType_LeadStatus","type":"TypeCreate","name":"CreateType_LeadStatus","displayName":"CreateType_LeadStatus","description":"CreateType_LeadStatus","x":64,"y":256,"persistWorkflow":false,"loadWorkflowContext":false,"saveWorkflowContext":false,"properties":[{"$id":"11","name":"TypeName","syntax":"Literal","expressions":{"$id":"12","Literal":"LeadStatus"}},{"$id":"13","name":"TypeDescription","syntax":"Literal","expressions":{"$id":"14","Literal":"The Status of a Lead"}}],"propertyStorageProviders":{"$id":"15"}},{"$id":"16","activityId":"CreateType_Customer","type":"TypeCreate","name":"CreateType_Customer","displayName":"CreateType_Customer","description":"CreateType_Customer","x":64,"y":384,"persistWorkflow":false,"loadWorkflowContext":false,"saveWorkflowContext":false,"properties":[{"$id":"17","name":"TypeName","syntax":"Literal","expressions":{"$id":"18","Literal":"Customer"}},{"$id":"19","name":"TypeDescription","syntax":"Literal","expressions":{"$id":"20","Literal":"A Customer of the Business"}}],"propertyStorageProviders":{"$id":"21"}},{"$id":"22","activityId":"CreateType_Contact","type":"TypeCreate","name":"CreateType_Contact","displayName":"CreateType_Contact","description":"CreateType_Contact","x":64,"y":512,"persistWorkflow":false,"loadWorkflowContext":false,"saveWorkflowContext":false,"properties":[{"$id":"23","name":"TypeName","syntax":"Literal","expressions":{"$id":"24","Literal":"Contact"}},{"$id":"25","name":"TypeDescription","syntax":"Literal","expressions":{"$id":"26","Literal":"A Business Contact"}}],"propertyStorageProviders":{"$id":"27"}},{"$id":"28","activityId":"CreateType_Opportunity","type":"TypeCreate","name":"CreateType_Opportunity","displayName":"CreateType_Opportunity","description":"CreateType_Opportunity","x":64,"y":640,"persistWorkflow":false,"loadWorkflowContext":false,"saveWorkflowContext":false,"properties":[{"$id":"29","name":"TypeName","syntax":"Literal","expressions":{"$id":"30","Literal":"Opportunity"}},{"$id":"31","name":"TypeDescription","syntax":"Literal","expressions":{"$id":"32","Literal":"A Qualified Opportunity"}}],"propertyStorageProviders":{"$id":"33"}},{"$id":"34","activityId":"CreateType_OpportunityStatus","type":"TypeCreate","name":"CreateType_OpportunityStatus","displayName":"CreateType_OpportunityStatus","description":"CreateType_OpportunityStatus","x":64,"y":768,"persistWorkflow":false,"loadWorkflowContext":false,"saveWorkflowContext":false,"properties":[{"$id":"35","name":"TypeName","syntax":"Literal","expressions":{"$id":"36","Literal":"OpportunityStatus"}},{"$id":"37","name":"TypeDescription","syntax":"Literal","expressions":{"$id":"38","Literal":"The Status of an Opportunity"}}],"propertyStorageProviders":{"$id":"39"}},{"$id":"40","activityId":"CreateCol_Lead_FirstName","type":"TypeAddColumn","name":"CreateCol_Lead_FirstName","displayName":"CreateCol_Lead_FirstName","x":128,"y":1024,"persistWorkflow":false,"loadWorkflowContext":false,"saveWorkflowContext":false,"properties":[{"$id":"41","name":"ObjectType","syntax":"JavaScript","expressions":{"$id":"42","JavaScript":"return \"Lead\";"}},{"$id":"43","name":"ColumnName","syntax":"Literal","expressions":{"$id":"44","Literal":"FirstName"}},{"$id":"45","name":"ColumnDisplayName","syntax":"Literal","expressions":{"$id":"46","Literal":"First Name"}},{"$id":"47","name":"ColumnDescription","syntax":"Literal","expressions":{"$id":"48","Literal":"First Name"}},{"$id":"49","name":"ColumnTypeId","syntax":"Literal","expressions":{"$id":"50","Literal":"6"}},{"$id":"51","name":"DisplayOrder","syntax":"Literal","expressions":{"$id":"52","Literal":"2"}},{"$id":"53","name":"Visible","syntax":"Literal","expressions":{"$id":"54","Literal":"True"}},{"$id":"55","name":"Indexed","syntax":"Literal","expressions":{"$id":"56","Literal":"False"}}],"propertyStorageProviders":{"$id":"57"}},{"$id":"58","activityId":"CreateCol_Lead_LastName","type":"TypeAddColumn","name":"CreateCol_Lead_LastName","displayName":"CreateCol_Lead_LastName","x":256,"y":1152,"persistWorkflow":false,"loadWorkflowContext":false,"saveWorkflowContext":false,"properties":[{"$id":"59","name":"ObjectType","syntax":"JavaScript","expressions":{"$id":"60","JavaScript":"return \"Lead\";"}},{"$id":"61","name":"ColumnName","syntax":"Literal","expressions":{"$id":"62","Literal":"LastName"}},{"$id":"63","name":"ColumnDisplayName","syntax":"Literal","expressions":{"$id":"64","Literal":"Last Name"}},{"$id":"65","name":"ColumnDescription","syntax":"Literal","expressions":{"$id":"66","Literal":"Last Name"}},{"$id":"67","name":"ColumnTypeId","syntax":"Literal","expressions":{"$id":"68","Literal":"6"}},{"$id":"69","name":"DisplayOrder","syntax":"Literal","expressions":{"$id":"70","Literal":"3"}},{"$id":"71","name":"Visible","syntax":"Literal","expressions":{"$id":"72","Literal":"True"}},{"$id":"73","name":"Indexed","syntax":"Literal","expressions":{"$id":"74","Literal":"False"}}],"propertyStorageProviders":{"$id":"75"}},{"$id":"76","activityId":"CreateCol_Lead_Email","type":"TypeAddColumn","name":"CreateCol_Lead_Email","displayName":"CreateCol_Lead_Email","x":384,"y":1280,"persistWorkflow":false,"loadWorkflowContext":false,"saveWorkflowContext":false,"properties":[{"$id":"77","name":"ObjectType","syntax":"JavaScript","expressions":{"$id":"78","JavaScript":"return \"Lead\";"}},{"$id":"79","name":"ColumnName","syntax":"Literal","expressions":{"$id":"80","Literal":"Email"}},{"$id":"81","name":"ColumnDisplayName","syntax":"Literal","expressions":{"$id":"82","Literal":"Email"}},{"$id":"83","name":"ColumnDescription","syntax":"Literal","expressions":{"$id":"84","Literal":"Email"}},{"$id":"85","name":"ColumnTypeId","syntax":"Literal","expressions":{"$id":"86","Literal":"6"}},{"$id":"87","name":"DisplayOrder","syntax":"Literal","expressions":{"$id":"88","Literal":"4"}},{"$id":"89","name":"Visible","syntax":"Literal","expressions":{"$id":"90","Literal":"True"}},{"$id":"91","name":"Indexed","syntax":"Literal","expressions":{"$id":"92","Literal":"False"}}],"propertyStorageProviders":{"$id":"93"}},{"$id":"94","activityId":"CreateCol_Lead_Phone","type":"TypeAddColumn","name":"CreateCol_Lead_Phone","displayName":"CreateCol_Lead_Phone","x":512,"y":1408,"persistWorkflow":false,"loadWorkflowContext":false,"saveWorkflowContext":false,"properties":[{"$id":"95","name":"ObjectType","syntax":"JavaScript","expressions":{"$id":"96","JavaScript":"return \"Lead\";"}},{"$id":"97","name":"ColumnName","syntax":"Literal","expressions":{"$id":"98","Literal":"Phone"}},{"$id":"99","name":"ColumnDisplayName","syntax":"Literal","expressions":{"$id":"100","Literal":"Phone"}},{"$id":"101","name":"ColumnDescription","syntax":"Literal","expressions":{"$id":"102","Literal":"Phone"}},{"$id":"103","name":"ColumnTypeId","syntax":"Literal","expressions":{"$id":"104","Literal":"6"}},{"$id":"105","name":"DisplayOrder","syntax":"Literal","expressions":{"$id":"106","Literal":"5"}},{"$id":"107","name":"Visible","syntax":"Literal","expressions":{"$id":"108","Literal":"True"}},{"$id":"109","name":"Indexed","syntax":"Literal","expressions":{"$id":"110","Literal":"False"}}],"propertyStorageProviders":{"$id":"111"}},{"$id":"112","activityId":"CreateCol_Lead_EstAmount","type":"TypeAddColumn","name":"CreateCol_Lead_EstAmount","displayName":"CreateCol_Lead_EstAmount","x":640,"y":1536,"persistWorkflow":false,"loadWorkflowContext":false,"saveWorkflowContext":false,"properties":[{"$id":"113","name":"ObjectType","syntax":"JavaScript","expressions":{"$id":"114","JavaScript":"return \"Lead\";"}},{"$id":"115","name":"ColumnName","syntax":"Literal","expressions":{"$id":"116","Literal":"EstAmount"}},{"$id":"117","name":"ColumnDisplayName","syntax":"Literal","expressions":{"$id":"118","Literal":"Est. amount"}},{"$id":"119","name":"ColumnDescription","syntax":"Literal","expressions":{"$id":"120","Literal":"Est. amount"}},{"$id":"121","name":"ColumnTypeId","syntax":"Literal","expressions":{"$id":"122","Literal":"3"}},{"$id":"123","name":"DisplayOrder","syntax":"Literal","expressions":{"$id":"124","Literal":"6"}},{"$id":"125","name":"Visible","syntax":"Literal","expressions":{"$id":"126","Literal":"True"}},{"$id":"127","name":"Indexed","syntax":"Literal","expressions":{"$id":"128","Literal":"False"}}],"propertyStorageProviders":{"$id":"129"}},{"$id":"130","activityId":"CreateCol_Lead_EstClose","type":"TypeAddColumn","name":"CreateCol_Lead_EstClose","displayName":"CreateCol_Lead_EstClose","x":768,"y":1664,"persistWorkflow":false,"loadWorkflowContext":false,"saveWorkflowContext":false,"properties":[{"$id":"131","name":"ObjectType","syntax":"JavaScript","expressions":{"$id":"132","JavaScript":"return \"Lead\";"}},{"$id":"133","name":"ColumnName","syntax":"Literal","expressions":{"$id":"134","Literal":"EstClose"}},{"$id":"135","name":"ColumnDisplayName","syntax":"Literal","expressions":{"$id":"136","Literal":"Est. Close"}},{"$id":"137","name":"ColumnDescription","syntax":"Literal","expressions":{"$id":"138","Literal":"Est. Close date"}},{"$id":"139","name":"ColumnTypeId","syntax":"Literal","expressions":{"$id":"140","Literal":"7"}},{"$id":"141","name":"DisplayOrder","syntax":"Literal","expressions":{"$id":"142","Literal":"7"}},{"$id":"143","name":"Visible","syntax":"Literal","expressions":{"$id":"144","Literal":"True"}},{"$id":"145","name":"Indexed","syntax":"Literal","expressions":{"$id":"146","Literal":"False"}}],"propertyStorageProviders":{"$id":"147"}},{"$id":"148","activityId":"CreateCol_Lead_Status","type":"TypeAddColumn","name":"CreateCol_Lead_Status","displayName":"CreateCol_Lead_Status","x":896,"y":1792,"persistWorkflow":false,"loadWorkflowContext":false,"saveWorkflowContext":false,"properties":[{"$id":"149","name":"ObjectType","syntax":"JavaScript","expressions":{"$id":"150","JavaScript":"return \"Lead\";"}},{"$id":"151","name":"ColumnName","syntax":"Literal","expressions":{"$id":"152","Literal":"Status"}},{"$id":"153","name":"ColumnDisplayName","syntax":"Literal","expressions":{"$id":"154","Literal":"Status"}},{"$id":"155","name":"ColumnDescription","syntax":"Literal","expressions":{"$id":"156","Literal":"Status"}},{"$id":"157","name":"ColumnTypeId","syntax":"Literal","expressions":{"$id":"158","Literal":"1"}},{"$id":"159","name":"PrincipalType","syntax":"Literal","expressions":{"$id":"160","Literal":"LeadStatus"}},{"$id":"161","name":"DisplayOrder","syntax":"Literal","expressions":{"$id":"162","Literal":"8"}},{"$id":"163","name":"Visible","syntax":"Literal","expressions":{"$id":"164","Literal":"True"}},{"$id":"165","name":"Indexed","syntax":"Literal","expressions":{"$id":"166","Literal":"False"}}],"propertyStorageProviders":{"$id":"167"}},{"$id":"168","activityId":"CreateCol_Lead_CompanyName","type":"TypeAddColumn","name":"CreateCol_Lead_CompanyName","displayName":"CreateCol_Lead_CompanyName","x":1024,"y":1920,"persistWorkflow":false,"loadWorkflowContext":false,"saveWorkflowContext":false,"properties":[{"$id":"169","name":"ObjectType","syntax":"JavaScript","expressions":{"$id":"170","JavaScript":"return \"Lead\";"}},{"$id":"171","name":"ColumnName","syntax":"Literal","expressions":{"$id":"172","Literal":"CompanyName"}},{"$id":"173","name":"ColumnDisplayName","syntax":"Literal","expressions":{"$id":"174","Literal":"Company Name"}},{"$id":"175","name":"ColumnDescription","syntax":"Literal","expressions":{"$id":"176","Literal":"Company Name"}},{"$id":"177","name":"ColumnTypeId","syntax":"Literal","expressions":{"$id":"178","Literal":"6"}},{"$id":"179","name":"DisplayOrder","syntax":"Literal","expressions":{"$id":"180","Literal":"9"}},{"$id":"181","name":"Visible","syntax":"Literal","expressions":{"$id":"182","Literal":"True"}},{"$id":"183","name":"Indexed","syntax":"Literal","expressions":{"$id":"184","Literal":"False"}}],"propertyStorageProviders":{"$id":"185"}},{"$id":"186","activityId":"CreateCol_Customer_Website","type":"TypeAddColumn","name":"CreateCol_Customer_Website","displayName":"CreateCol_Customer_Website","x":128,"y":2048,"persistWorkflow":false,"loadWorkflowContext":false,"saveWorkflowContext":false,"properties":[{"$id":"187","name":"ObjectType","syntax":"JavaScript","expressions":{"$id":"188","JavaScript":"return \"Customer\";"}},{"$id":"189","name":"ColumnName","syntax":"Literal","expressions":{"$id":"190","Literal":"Website"}},{"$id":"191","name":"ColumnDisplayName","syntax":"Literal","expressions":{"$id":"192","Literal":"Website"}},{"$id":"193","name":"ColumnDescription","syntax":"Literal","expressions":{"$id":"194","Literal":"Website"}},{"$id":"195","name":"ColumnTypeId","syntax":"Literal","expressions":{"$id":"196","Literal":"6"}},{"$id":"197","name":"DisplayOrder","syntax":"Literal","expressions":{"$id":"198","Literal":"2"}},{"$id":"199","name":"Visible","syntax":"Literal","expressions":{"$id":"200","Literal":"True"}},{"$id":"201","name":"Indexed","syntax":"Literal","expressions":{"$id":"202","Literal":"False"}}],"propertyStorageProviders":{"$id":"203"}},{"$id":"204","activityId":"CreateCol_Customer_MainPhone","type":"TypeAddColumn","name":"CreateCol_Customer_MainPhone","displayName":"CreateCol_Customer_MainPhone","x":256,"y":2176,"persistWorkflow":false,"loadWorkflowContext":false,"saveWorkflowContext":false,"properties":[{"$id":"205","name":"ObjectType","syntax":"JavaScript","expressions":{"$id":"206","JavaScript":"return \"Customer\";"}},{"$id":"207","name":"ColumnName","syntax":"Literal","expressions":{"$id":"208","Literal":"MainPhone"}},{"$id":"209","name":"ColumnDisplayName","syntax":"Literal","expressions":{"$id":"210","Literal":"Main Phone"}},{"$id":"211","name":"ColumnDescription","syntax":"Literal","expressions":{"$id":"212","Literal":"Main Phone"}},{"$id":"213","name":"ColumnTypeId","syntax":"Literal","expressions":{"$id":"214","Literal":"6"}},{"$id":"215","name":"DisplayOrder","syntax":"Literal","expressions":{"$id":"216","Literal":"3"}},{"$id":"217","name":"Visible","syntax":"Literal","expressions":{"$id":"218","Literal":"True"}},{"$id":"219","name":"Indexed","syntax":"Literal","expressions":{"$id":"220","Literal":"False"}}],"propertyStorageProviders":{"$id":"221"}},{"$id":"222","activityId":"CreateCol_Customer_StreetAddress","type":"TypeAddColumn","name":"CreateCol_Customer_StreetAddress","displayName":"CreateCol_Customer_StreetAddress","x":384,"y":2304,"persistWorkflow":false,"loadWorkflowContext":false,"saveWorkflowContext":false,"properties":[{"$id":"223","name":"ObjectType","syntax":"JavaScript","expressions":{"$id":"224","JavaScript":"return \"Customer\";"}},{"$id":"225","name":"ColumnName","syntax":"Literal","expressions":{"$id":"226","Literal":"StreetAddress"}},{"$id":"227","name":"ColumnDisplayName","syntax":"Literal","expressions":{"$id":"228","Literal":"Street Address"}},{"$id":"229","name":"ColumnDescription","syntax":"Literal","expressions":{"$id":"230","Literal":"Street Address"}},{"$id":"231","name":"ColumnTypeId","syntax":"Literal","expressions":{"$id":"232","Literal":"6"}},{"$id":"233","name":"DisplayOrder","syntax":"Literal","expressions":{"$id":"234","Literal":"4"}},{"$id":"235","name":"Visible","syntax":"Literal","expressions":{"$id":"236","Literal":"True"}},{"$id":"237","name":"Indexed","syntax":"Literal","expressions":{"$id":"238","Literal":"False"}}],"propertyStorageProviders":{"$id":"239"}},{"$id":"240","activityId":"CreateCol_Customer_City","type":"TypeAddColumn","name":"CreateCol_Customer_City","displayName":"CreateCol_Customer_City","x":512,"y":2432,"persistWorkflow":false,"loadWorkflowContext":false,"saveWorkflowContext":false,"properties":[{"$id":"241","name":"ObjectType","syntax":"JavaScript","expressions":{"$id":"242","JavaScript":"return \"Customer\";"}},{"$id":"243","name":"ColumnName","syntax":"Literal","expressions":{"$id":"244","Literal":"City"}},{"$id":"245","name":"ColumnDisplayName","syntax":"Literal","expressions":{"$id":"246","Literal":"City"}},{"$id":"247","name":"ColumnDescription","syntax":"Literal","expressions":{"$id":"248","Literal":"City"}},{"$id":"249","name":"ColumnTypeId","syntax":"Literal","expressions":{"$id":"250","Literal":"6"}},{"$id":"251","name":"DisplayOrder","syntax":"Literal","expressions":{"$id":"252","Literal":"5"}},{"$id":"253","name":"Visible","syntax":"Literal","expressions":{"$id":"254","Literal":"True"}},{"$id":"255","name":"Indexed","syntax":"Literal","expressions":{"$id":"256","Literal":"False"}}],"propertyStorageProviders":{"$id":"257"}},{"$id":"258","activityId":"CreateCol_Customer_State","type":"TypeAddColumn","name":"CreateCol_Customer_State","displayName":"CreateCol_Customer_State","x":640,"y":2560,"persistWorkflow":false,"loadWorkflowContext":false,"saveWorkflowContext":false,"properties":[{"$id":"259","name":"ObjectType","syntax":"JavaScript","expressions":{"$id":"260","JavaScript":"return \"Customer\";"}},{"$id":"261","name":"ColumnName","syntax":"Literal","expressions":{"$id":"262","Literal":"State"}},{"$id":"263","name":"ColumnDisplayName","syntax":"Literal","expressions":{"$id":"264","Literal":"State"}},{"$id":"265","name":"ColumnDescription","syntax":"Literal","expressions":{"$id":"266","Literal":"State"}},{"$id":"267","name":"ColumnTypeId","syntax":"Literal","expressions":{"$id":"268","Literal":"6"}},{"$id":"269","name":"DisplayOrder","syntax":"Literal","expressions":{"$id":"270","Literal":"6"}},{"$id":"271","name":"Visible","syntax":"Literal","expressions":{"$id":"272","Literal":"True"}},{"$id":"273","name":"Indexed","syntax":"Literal","expressions":{"$id":"274","Literal":"False"}}],"propertyStorageProviders":{"$id":"275"}},{"$id":"276","activityId":"CreateCol_Customer_PostalCode","type":"TypeAddColumn","name":"CreateCol_Customer_PostalCode","displayName":"CreateCol_Customer_PostalCode","x":768,"y":2688,"persistWorkflow":false,"loadWorkflowContext":false,"saveWorkflowContext":false,"properties":[{"$id":"277","name":"ObjectType","syntax":"JavaScript","expressions":{"$id":"278","JavaScript":"return \"Customer\";"}},{"$id":"279","name":"ColumnName","syntax":"Literal","expressions":{"$id":"280","Literal":"PostalCode"}},{"$id":"281","name":"ColumnDisplayName","syntax":"Literal","expressions":{"$id":"282","Literal":"PostalCode"}},{"$id":"283","name":"ColumnDescription","syntax":"Literal","expressions":{"$id":"284","Literal":"PostalCode"}},{"$id":"285","name":"ColumnTypeId","syntax":"Literal","expressions":{"$id":"286","Literal":"6"}},{"$id":"287","name":"DisplayOrder","syntax":"Literal","expressions":{"$id":"288","Literal":"7"}},{"$id":"289","name":"Visible","syntax":"Literal","expressions":{"$id":"290","Literal":"True"}},{"$id":"291","name":"Indexed","syntax":"Literal","expressions":{"$id":"292","Literal":"False"}}],"propertyStorageProviders":{"$id":"293"}},{"$id":"294","activityId":"CreateCol_Customer_PrimaryContact","type":"TypeAddColumn","name":"CreateCol_Customer_PrimaryContact","displayName":"CreateCol_Customer_PrimaryContact","x":896,"y":2816,"persistWorkflow":false,"loadWorkflowContext":false,"saveWorkflowContext":false,"properties":[{"$id":"295","name":"ObjectType","syntax":"JavaScript","expressions":{"$id":"296","JavaScript":"return \"Customer\";"}},{"$id":"297","name":"ColumnName","syntax":"Literal","expressions":{"$id":"298","Literal":"PrimaryContact"}},{"$id":"299","name":"ColumnDisplayName","syntax":"Literal","expressions":{"$id":"300","Literal":"Primary Contact"}},{"$id":"301","name":"ColumnDescription","syntax":"Literal","expressions":{"$id":"302","Literal":"Primary Contact"}},{"$id":"303","name":"ColumnTypeId","syntax":"Literal","expressions":{"$id":"304","Literal":"1"}},{"$id":"305","name":"PrincipalType","syntax":"Literal","expressions":{"$id":"306","Literal":"Contact"}},{"$id":"307","name":"DisplayOrder","syntax":"Literal","expressions":{"$id":"308","Literal":"8"}},{"$id":"309","name":"Visible","syntax":"Literal","expressions":{"$id":"310","Literal":"True"}},{"$id":"311","name":"Indexed","syntax":"Literal","expressions":{"$id":"312","Literal":"False"}}],"propertyStorageProviders":{"$id":"313"}},{"$id":"314","activityId":"CreateCol_Contact_FullName","type":"TypeAddColumn","name":"CreateCol_Contact_FullName","displayName":"CreateCol_Contact_FullName","x":128,"y":2944,"persistWorkflow":false,"loadWorkflowContext":false,"saveWorkflowContext":false,"properties":[{"$id":"315","name":"ObjectType","syntax":"JavaScript","expressions":{"$id":"316","JavaScript":"return \"Contact\";"}},{"$id":"317","name":"ColumnName","syntax":"Literal","expressions":{"$id":"318","Literal":"FullName"}},{"$id":"319","name":"ColumnDisplayName","syntax":"Literal","expressions":{"$id":"320","Literal":"FullName"}},{"$id":"321","name":"ColumnDescription","syntax":"Literal","expressions":{"$id":"322","Literal":"The Full Name"}},{"$id":"323","name":"ColumnTypeId","syntax":"Literal","expressions":{"$id":"324","Literal":"6"}},{"$id":"325","name":"DisplayOrder","syntax":"Literal","expressions":{"$id":"326","Literal":"1"}},{"$id":"327","name":"Visible","syntax":"Literal","expressions":{"$id":"328","Literal":"True"}},{"$id":"329","name":"Indexed","syntax":"Literal","expressions":{"$id":"330","Literal":"False"}}],"propertyStorageProviders":{"$id":"331"}},{"$id":"332","activityId":"CreateCol_Contact_Customer","type":"TypeAddColumn","name":"CreateCol_Contact_Customer","displayName":"CreateCol_Contact_Customer","x":256,"y":3072,"persistWorkflow":false,"loadWorkflowContext":false,"saveWorkflowContext":false,"properties":[{"$id":"333","name":"ObjectType","syntax":"JavaScript","expressions":{"$id":"334","JavaScript":"return \"Contact\";"}},{"$id":"335","name":"ColumnName","syntax":"Literal","expressions":{"$id":"336","Literal":"Customer"}},{"$id":"337","name":"ColumnDisplayName","syntax":"Literal","expressions":{"$id":"338","Literal":"Customer"}},{"$id":"339","name":"ColumnDescription","syntax":"Literal","expressions":{"$id":"340","Literal":"Customer"}},{"$id":"341","name":"ColumnTypeId","syntax":"Literal","expressions":{"$id":"342","Literal":"1"}},{"$id":"343","name":"PrincipalType","syntax":"Literal","expressions":{"$id":"344","Literal":"Customer"}},{"$id":"345","name":"DisplayOrder","syntax":"Literal","expressions":{"$id":"346","Literal":"2"}},{"$id":"347","name":"Visible","syntax":"Literal","expressions":{"$id":"348","Literal":"True"}},{"$id":"349","name":"Indexed","syntax":"Literal","expressions":{"$id":"350","Literal":"False"}}],"propertyStorageProviders":{"$id":"351"}},{"$id":"352","activityId":"CreateCol_Contact_Email","type":"TypeAddColumn","name":"CreateCol_Contact_Email","displayName":"CreateCol_Contact_Email","x":384,"y":3200,"persistWorkflow":false,"loadWorkflowContext":false,"saveWorkflowContext":false,"properties":[{"$id":"353","name":"ObjectType","syntax":"JavaScript","expressions":{"$id":"354","JavaScript":"return \"Contact\";"}},{"$id":"355","name":"ColumnName","syntax":"Literal","expressions":{"$id":"356","Literal":"Email"}},{"$id":"357","name":"ColumnDisplayName","syntax":"Literal","expressions":{"$id":"358","Literal":"Email"}},{"$id":"359","name":"ColumnDescription","syntax":"Literal","expressions":{"$id":"360","Literal":"Email"}},{"$id":"361","name":"ColumnTypeId","syntax":"Literal","expressions":{"$id":"362","Literal":"6"}},{"$id":"363","name":"DisplayOrder","syntax":"Literal","expressions":{"$id":"364","Literal":"3"}},{"$id":"365","name":"Visible","syntax":"Literal","expressions":{"$id":"366","Literal":"True"}},{"$id":"367","name":"Indexed","syntax":"Literal","expressions":{"$id":"368","Literal":"False"}}],"propertyStorageProviders":{"$id":"369"}},{"$id":"370","activityId":"CreateCol_Contact_Phone","type":"TypeAddColumn","name":"CreateCol_Contact_Phone","displayName":"CreateCol_Contact_Phone","x":512,"y":3328,"persistWorkflow":false,"loadWorkflowContext":false,"saveWorkflowContext":false,"properties":[{"$id":"371","name":"ObjectType","syntax":"JavaScript","expressions":{"$id":"372","JavaScript":"return \"Contact\";"}},{"$id":"373","name":"ColumnName","syntax":"Literal","expressions":{"$id":"374","Literal":"Phone"}},{"$id":"375","name":"ColumnDisplayName","syntax":"Literal","expressions":{"$id":"376","Literal":"Phone"}},{"$id":"377","name":"ColumnDescription","syntax":"Literal","expressions":{"$id":"378","Literal":"Phone"}},{"$id":"379","name":"ColumnTypeId","syntax":"Literal","expressions":{"$id":"380","Literal":"6"}},{"$id":"381","name":"DisplayOrder","syntax":"Literal","expressions":{"$id":"382","Literal":"4"}},{"$id":"383","name":"Visible","syntax":"Literal","expressions":{"$id":"384","Literal":"True"}},{"$id":"385","name":"Indexed","syntax":"Literal","expressions":{"$id":"386","Literal":"False"}}],"propertyStorageProviders":{"$id":"387"}},{"$id":"388","activityId":"CreateCol_Opportunity_Customer","type":"TypeAddColumn","name":"CreateCol_Opportunity_Customer","displayName":"CreateCol_Opportunity_Customer","x":128,"y":3456,"persistWorkflow":false,"loadWorkflowContext":false,"saveWorkflowContext":false,"properties":[{"$id":"389","name":"ObjectType","syntax":"JavaScript","expressions":{"$id":"390","JavaScript":"return \"Opportunity\";"}},{"$id":"391","name":"ColumnName","syntax":"Literal","expressions":{"$id":"392","Literal":"Customer"}},{"$id":"393","name":"ColumnDisplayName","syntax":"Literal","expressions":{"$id":"394","Literal":"Customer"}},{"$id":"395","name":"ColumnDescription","syntax":"Literal","expressions":{"$id":"396","Literal":"Customer"}},{"$id":"397","name":"ColumnTypeId","syntax":"Literal","expressions":{"$id":"398","Literal":"1"}},{"$id":"399","name":"PrincipalType","syntax":"Literal","expressions":{"$id":"400","Literal":"Customer"}},{"$id":"401","name":"DisplayOrder","syntax":"Literal","expressions":{"$id":"402","Literal":"2"}},{"$id":"403","name":"Visible","syntax":"Literal","expressions":{"$id":"404","Literal":"True"}},{"$id":"405","name":"Indexed","syntax":"Literal","expressions":{"$id":"406","Literal":"False"}}],"propertyStorageProviders":{"$id":"407"}},{"$id":"408","activityId":"CreateCol_Opportunity_Contact","type":"TypeAddColumn","name":"CreateCol_Opportunity_Contact","displayName":"CreateCol_Opportunity_Contact","x":256,"y":3584,"persistWorkflow":false,"loadWorkflowContext":false,"saveWorkflowContext":false,"properties":[{"$id":"409","name":"ObjectType","syntax":"JavaScript","expressions":{"$id":"410","JavaScript":"return \"Opportunity\";"}},{"$id":"411","name":"ColumnName","syntax":"Literal","expressions":{"$id":"412","Literal":"Contact"}},{"$id":"413","name":"ColumnDisplayName","syntax":"Literal","expressions":{"$id":"414","Literal":"Contact"}},{"$id":"415","name":"ColumnDescription","syntax":"Literal","expressions":{"$id":"416","Literal":"Contact"}},{"$id":"417","name":"ColumnTypeId","syntax":"Literal","expressions":{"$id":"418","Literal":"1"}},{"$id":"419","name":"PrincipalType","syntax":"Literal","expressions":{"$id":"420","Literal":"Contact"}},{"$id":"421","name":"DisplayOrder","syntax":"Literal","expressions":{"$id":"422","Literal":"3"}},{"$id":"423","name":"Visible","syntax":"Literal","expressions":{"$id":"424","Literal":"True"}},{"$id":"425","name":"Indexed","syntax":"Literal","expressions":{"$id":"426","Literal":"False"}}],"propertyStorageProviders":{"$id":"427"}},{"$id":"428","activityId":"CreateCol_Opportunity_Amount","type":"TypeAddColumn","name":"CreateCol_Opportunity_Amount","displayName":"CreateCol_Opportunity_Amount","x":384,"y":3712,"persistWorkflow":false,"loadWorkflowContext":false,"saveWorkflowContext":false,"properties":[{"$id":"429","name":"ObjectType","syntax":"JavaScript","expressions":{"$id":"430","JavaScript":"return \"Opportunity\";"}},{"$id":"431","name":"ColumnName","syntax":"Literal","expressions":{"$id":"432","Literal":"Amount"}},{"$id":"433","name":"ColumnDisplayName","syntax":"Literal","expressions":{"$id":"434","Literal":"Amount"}},{"$id":"435","name":"ColumnDescription","syntax":"Literal","expressions":{"$id":"436","Literal":"Amount"}},{"$id":"437","name":"ColumnTypeId","syntax":"Literal","expressions":{"$id":"438","Literal":"3"}},{"$id":"439","name":"DisplayOrder","syntax":"Literal","expressions":{"$id":"440","Literal":"4"}},{"$id":"441","name":"Visible","syntax":"Literal","expressions":{"$id":"442","Literal":"True"}},{"$id":"443","name":"Indexed","syntax":"Literal","expressions":{"$id":"444","Literal":"False"}}],"propertyStorageProviders":{"$id":"445"}},{"$id":"446","activityId":"CreateCol_Opportunity_Status","type":"TypeAddColumn","name":"CreateCol_Opportunity_Status","displayName":"CreateCol_Opportunity_Status","x":512,"y":3840,"persistWorkflow":false,"loadWorkflowContext":false,"saveWorkflowContext":false,"properties":[{"$id":"447","name":"ObjectType","syntax":"JavaScript","expressions":{"$id":"448","JavaScript":"return \"Opportunity\";"}},{"$id":"449","name":"ColumnName","syntax":"Literal","expressions":{"$id":"450","Literal":"Status"}},{"$id":"451","name":"ColumnDisplayName","syntax":"Literal","expressions":{"$id":"452","Literal":"Status"}},{"$id":"453","name":"ColumnDescription","syntax":"Literal","expressions":{"$id":"454","Literal":"Status"}},{"$id":"455","name":"ColumnTypeId","syntax":"Literal","expressions":{"$id":"456","Literal":"1"}},{"$id":"457","name":"PrincipalType","syntax":"Literal","expressions":{"$id":"458","Literal":"OpportunityStatus"}},{"$id":"459","name":"DisplayOrder","syntax":"Literal","expressions":{"$id":"460","Literal":"5"}},{"$id":"461","name":"Visible","syntax":"Literal","expressions":{"$id":"462","Literal":"True"}},{"$id":"463","name":"Indexed","syntax":"Literal","expressions":{"$id":"464","Literal":"False"}}],"propertyStorageProviders":{"$id":"465"}},{"$id":"466","activityId":"CreateCol_Opportunity_CloseDate","type":"TypeAddColumn","name":"CreateCol_Opportunity_CloseDate","displayName":"CreateCol_Opportunity_CloseDate","x":640,"y":3968,"persistWorkflow":false,"loadWorkflowContext":false,"saveWorkflowContext":false,"properties":[{"$id":"467","name":"ObjectType","syntax":"JavaScript","expressions":{"$id":"468","JavaScript":"return \"Opportunity\";"}},{"$id":"469","name":"ColumnName","syntax":"Literal","expressions":{"$id":"470","Literal":"CloseDate"}},{"$id":"471","name":"ColumnDisplayName","syntax":"Literal","expressions":{"$id":"472","Literal":"Close Date"}},{"$id":"473","name":"ColumnDescription","syntax":"Literal","expressions":{"$id":"474","Literal":"Close Date"}},{"$id":"475","name":"ColumnTypeId","syntax":"Literal","expressions":{"$id":"476","Literal":"7"}},{"$id":"477","name":"DisplayOrder","syntax":"Literal","expressions":{"$id":"478","Literal":"6"}},{"$id":"479","name":"Visible","syntax":"Literal","expressions":{"$id":"480","Literal":"True"}},{"$id":"481","name":"Indexed","syntax":"Literal","expressions":{"$id":"482","Literal":"False"}}],"propertyStorageProviders":{"$id":"483"}},{"$id":"484","activityId":"a3c9cd24-0b01-45db-bc1e-420a5058b033","type":"RunWorkflow","displayName":"Run Workflow","x":920,"y":4080,"persistWorkflow":false,"loadWorkflowContext":false,"saveWorkflowContext":false,"properties":[{"$id":"485","name":"WorkflowDefinitionId","syntax":"Liquid","expressions":{"$id":"486","Liquid":"{{\"SetupData\" | workflow_definition_id}}"}},{"$id":"487","name":"Input","expressions":{"$id":"488"}},{"$id":"489","name":"PossibleOutcomes","expressions":{"$id":"490"}},{"$id":"491","name":"Mode","expressions":{"$id":"492","Literal":"DispatchAndForget"}},{"$id":"493","name":"TenantId","expressions":{"$id":"494"}},{"$id":"495","name":"CorrelationId","expressions":{"$id":"496"}},{"$id":"497","name":"ContextId","expressions":{"$id":"498"}},{"$id":"499","name":"CustomAttributes","expressions":{"$id":"500"}},{"$id":"501","name":"RetryFailedActivities","expressions":{"$id":"502"}}],"propertyStorageProviders":{"$id":"503"}}],"connections":[{"$id":"504","sourceActivityId":"CreateType_Lead","targetActivityId":"CreateType_LeadStatus","outcome":"Faulted"},{"$id":"505","sourceActivityId":"CreateType_Lead","targetActivityId":"CreateType_LeadStatus","outcome":"Success"},{"$id":"506","sourceActivityId":"CreateType_LeadStatus","targetActivityId":"CreateType_Customer","outcome":"Faulted"},{"$id":"507","sourceActivityId":"CreateType_LeadStatus","targetActivityId":"CreateType_Customer","outcome":"Success"},{"$id":"508","sourceActivityId":"CreateType_Customer","targetActivityId":"CreateType_Contact","outcome":"Faulted"},{"$id":"509","sourceActivityId":"CreateType_Customer","targetActivityId":"CreateType_Contact","outcome":"Success"},{"$id":"510","sourceActivityId":"CreateType_Contact","targetActivityId":"CreateType_Opportunity","outcome":"Faulted"},{"$id":"511","sourceActivityId":"CreateType_Contact","targetActivityId":"CreateType_Opportunity","outcome":"Success"},{"$id":"512","sourceActivityId":"CreateType_Opportunity","targetActivityId":"CreateType_OpportunityStatus","outcome":"Faulted"},{"$id":"513","sourceActivityId":"CreateType_Opportunity","targetActivityId":"CreateType_OpportunityStatus","outcome":"Success"},{"$id":"514","sourceActivityId":"CreateType_OpportunityStatus","targetActivityId":"CreateCol_Lead_FirstName","outcome":"Success"},{"$id":"515","sourceActivityId":"CreateType_OpportunityStatus","targetActivityId":"CreateCol_Lead_FirstName","outcome":"Failed"},{"$id":"516","sourceActivityId":"CreateCol_Lead_FirstName","targetActivityId":"CreateCol_Lead_LastName","outcome":"Success"},{"$id":"517","sourceActivityId":"CreateCol_Lead_FirstName","targetActivityId":"CreateCol_Lead_LastName","outcome":"Failed"},{"$id":"518","sourceActivityId":"CreateCol_Lead_LastName","targetActivityId":"CreateCol_Lead_Email","outcome":"Success"},{"$id":"519","sourceActivityId":"CreateCol_Lead_LastName","targetActivityId":"CreateCol_Lead_Email","outcome":"Failed"},{"$id":"520","sourceActivityId":"CreateCol_Lead_Email","targetActivityId":"CreateCol_Lead_Phone","outcome":"Success"},{"$id":"521","sourceActivityId":"CreateCol_Lead_Email","targetActivityId":"CreateCol_Lead_Phone","outcome":"Failed"},{"$id":"522","sourceActivityId":"CreateCol_Lead_Phone","targetActivityId":"CreateCol_Lead_EstAmount","outcome":"Success"},{"$id":"523","sourceActivityId":"CreateCol_Lead_Phone","targetActivityId":"CreateCol_Lead_EstAmount","outcome":"Failed"},{"$id":"524","sourceActivityId":"CreateCol_Lead_EstAmount","targetActivityId":"CreateCol_Lead_EstClose","outcome":"Success"},{"$id":"525","sourceActivityId":"CreateCol_Lead_EstAmount","targetActivityId":"CreateCol_Lead_EstClose","outcome":"Failed"},{"$id":"526","sourceActivityId":"CreateCol_Lead_EstClose","targetActivityId":"CreateCol_Lead_Status","outcome":"Success"},{"$id":"527","sourceActivityId":"CreateCol_Lead_EstClose","targetActivityId":"CreateCol_Lead_Status","outcome":"Failed"},{"$id":"528","sourceActivityId":"CreateCol_Lead_Status","targetActivityId":"CreateCol_Lead_CompanyName","outcome":"Success"},{"$id":"529","sourceActivityId":"CreateCol_Lead_Status","targetActivityId":"CreateCol_Lead_CompanyName","outcome":"Failed"},{"$id":"530","sourceActivityId":"CreateCol_Lead_CompanyName","targetActivityId":"CreateCol_Customer_Website","outcome":"Success"},{"$id":"531","sourceActivityId":"CreateCol_Lead_CompanyName","targetActivityId":"CreateCol_Customer_Website","outcome":"Failed"},{"$id":"532","sourceActivityId":"CreateCol_Customer_Website","targetActivityId":"CreateCol_Customer_MainPhone","outcome":"Success"},{"$id":"533","sourceActivityId":"CreateCol_Customer_Website","targetActivityId":"CreateCol_Customer_MainPhone","outcome":"Failed"},{"$id":"534","sourceActivityId":"CreateCol_Customer_MainPhone","targetActivityId":"CreateCol_Customer_StreetAddress","outcome":"Success"},{"$id":"535","sourceActivityId":"CreateCol_Customer_MainPhone","targetActivityId":"CreateCol_Customer_StreetAddress","outcome":"Failed"},{"$id":"536","sourceActivityId":"CreateCol_Customer_StreetAddress","targetActivityId":"CreateCol_Customer_City","outcome":"Success"},{"$id":"537","sourceActivityId":"CreateCol_Customer_StreetAddress","targetActivityId":"CreateCol_Customer_City","outcome":"Failed"},{"$id":"538","sourceActivityId":"CreateCol_Customer_City","targetActivityId":"CreateCol_Customer_State","outcome":"Success"},{"$id":"539","sourceActivityId":"CreateCol_Customer_City","targetActivityId":"CreateCol_Customer_State","outcome":"Failed"},{"$id":"540","sourceActivityId":"CreateCol_Customer_State","targetActivityId":"CreateCol_Customer_PostalCode","outcome":"Success"},{"$id":"541","sourceActivityId":"CreateCol_Customer_State","targetActivityId":"CreateCol_Customer_PostalCode","outcome":"Failed"},{"$id":"542","sourceActivityId":"CreateCol_Customer_PostalCode","targetActivityId":"CreateCol_Customer_PrimaryContact","outcome":"Success"},{"$id":"543","sourceActivityId":"CreateCol_Customer_PostalCode","targetActivityId":"CreateCol_Customer_PrimaryContact","outcome":"Failed"},{"$id":"544","sourceActivityId":"CreateCol_Customer_PrimaryContact","targetActivityId":"CreateCol_Contact_FullName","outcome":"Success"},{"$id":"545","sourceActivityId":"CreateCol_Customer_PrimaryContact","targetActivityId":"CreateCol_Contact_FullName","outcome":"Failed"},{"$id":"546","sourceActivityId":"CreateCol_Contact_FullName","targetActivityId":"CreateCol_Contact_Customer","outcome":"Success"},{"$id":"547","sourceActivityId":"CreateCol_Contact_FullName","targetActivityId":"CreateCol_Contact_Customer","outcome":"Failed"},{"$id":"548","sourceActivityId":"CreateCol_Contact_Customer","targetActivityId":"CreateCol_Contact_Email","outcome":"Success"},{"$id":"549","sourceActivityId":"CreateCol_Contact_Customer","targetActivityId":"CreateCol_Contact_Email","outcome":"Failed"},{"$id":"550","sourceActivityId":"CreateCol_Contact_Email","targetActivityId":"CreateCol_Contact_Phone","outcome":"Success"},{"$id":"551","sourceActivityId":"CreateCol_Contact_Email","targetActivityId":"CreateCol_Contact_Phone","outcome":"Failed"},{"$id":"552","sourceActivityId":"CreateCol_Contact_Phone","targetActivityId":"CreateCol_Opportunity_Customer","outcome":"Success"},{"$id":"553","sourceActivityId":"CreateCol_Contact_Phone","targetActivityId":"CreateCol_Opportunity_Customer","outcome":"Failed"},{"$id":"554","sourceActivityId":"CreateCol_Opportunity_Customer","targetActivityId":"CreateCol_Opportunity_Contact","outcome":"Success"},{"$id":"555","sourceActivityId":"CreateCol_Opportunity_Customer","targetActivityId":"CreateCol_Opportunity_Contact","outcome":"Failed"},{"$id":"556","sourceActivityId":"CreateCol_Opportunity_Contact","targetActivityId":"CreateCol_Opportunity_Amount","outcome":"Success"},{"$id":"557","sourceActivityId":"CreateCol_Opportunity_Contact","targetActivityId":"CreateCol_Opportunity_Amount","outcome":"Failed"},{"$id":"558","sourceActivityId":"CreateCol_Opportunity_Amount","targetActivityId":"CreateCol_Opportunity_Status","outcome":"Success"},{"$id":"559","sourceActivityId":"CreateCol_Opportunity_Amount","targetActivityId":"CreateCol_Opportunity_Status","outcome":"Failed"},{"$id":"560","sourceActivityId":"CreateCol_Opportunity_Status","targetActivityId":"CreateCol_Opportunity_CloseDate","outcome":"Success"},{"$id":"561","sourceActivityId":"CreateCol_Opportunity_Status","targetActivityId":"CreateCol_Opportunity_CloseDate","outcome":"Failed"},{"$id":"562","sourceActivityId":"CreateCol_Opportunity_CloseDate","targetActivityId":"a3c9cd24-0b01-45db-bc1e-420a5058b033","outcome":"Success"}],"id":"4e28e71f5959470f9586ccefd5c295af"}