{"$id":"1","definitionId":"03d616fc33f742848152d18274141d48","versionId":"e0e046bd31cc4c9fa6127dfa5586711a","displayName":"Sln-Export-29-10-2023-2307-VIEWS","description":"SETUPVIEWS_Sln-Export-29-10-2023-2307","version":1,"variables":{"$id":"2","data":{}},"customAttributes":{"$id":"3","data":{}},"isSingleton":false,"persistenceBehavior":"WorkflowBurst","deleteCompletedInstances":false,"isPublished":true,"isLatest":true,"createdAt":"2023-10-29T01:33:16.0556218Z","activities":[{"$id":"4","activityId":"CreateView_Customers","type":"SolutionsViewsAdd","name":"CreateView_Customers","displayName":"CreateView_Customers","description":"CreateView_Customers","x":128,"y":4224,"persistWorkflow":false,"loadWorkflowContext":false,"saveWorkflowContext":false,"properties":[{"$id":"5","name":"ViewName","syntax":"Literal","expressions":{"$id":"6","Literal":"Customers"}},{"$id":"7","name":"ObjectType","syntax":"JavaScript","expressions":{"$id":"8","JavaScript":"return \"Customer\";"}},{"$id":"9","name":"ViewDescription","syntax":"Literal","expressions":{"$id":"10","Literal":"All Customers"}},{"$id":"11","name":"Query","syntax":"Literal","expressions":{"$id":"12","Literal":""}},{"$id":"13","name":"Orderings","syntax":"JavaScript","expressions":{"$id":"14","JavaScript":"[]"}},{"$id":"15","name":"Projection","syntax":"JavaScript","expressions":{"$id":"16","JavaScript":"[]"}}],"propertyStorageProviders":{"$id":"17"}},{"$id":"18","activityId":"CreateView_Leads","type":"SolutionsViewsAdd","name":"CreateView_Leads","displayName":"CreateView_Leads","description":"CreateView_Leads","x":256,"y":4352,"persistWorkflow":false,"loadWorkflowContext":false,"saveWorkflowContext":false,"properties":[{"$id":"19","name":"ViewName","syntax":"Literal","expressions":{"$id":"20","Literal":"Leads"}},{"$id":"21","name":"ObjectType","syntax":"JavaScript","expressions":{"$id":"22","JavaScript":"return \"Lead\";"}},{"$id":"23","name":"ViewDescription","syntax":"Literal","expressions":{"$id":"24","Literal":"All Leads"}},{"$id":"25","name":"Query","syntax":"Literal","expressions":{"$id":"26","Literal":""}},{"$id":"27","name":"Orderings","syntax":"JavaScript","expressions":{"$id":"28","JavaScript":"[]"}},{"$id":"29","name":"Projection","syntax":"JavaScript","expressions":{"$id":"30","JavaScript":"[]"}}],"propertyStorageProviders":{"$id":"31"}},{"$id":"32","activityId":"CreateView_Contacts","type":"SolutionsViewsAdd","name":"CreateView_Contacts","displayName":"CreateView_Contacts","description":"CreateView_Contacts","x":384,"y":4480,"persistWorkflow":false,"loadWorkflowContext":false,"saveWorkflowContext":false,"properties":[{"$id":"33","name":"ViewName","syntax":"Literal","expressions":{"$id":"34","Literal":"Contacts"}},{"$id":"35","name":"ObjectType","syntax":"JavaScript","expressions":{"$id":"36","JavaScript":"return \"Contact\";"}},{"$id":"37","name":"ViewDescription","syntax":"Literal","expressions":{"$id":"38","Literal":"All Contacts"}},{"$id":"39","name":"Query","syntax":"Literal","expressions":{"$id":"40","Literal":""}},{"$id":"41","name":"Orderings","syntax":"JavaScript","expressions":{"$id":"42","JavaScript":"[]"}},{"$id":"43","name":"Projection","syntax":"JavaScript","expressions":{"$id":"44","JavaScript":"[]"}}],"propertyStorageProviders":{"$id":"45"}},{"$id":"46","activityId":"CreateView_Opportunities","type":"SolutionsViewsAdd","name":"CreateView_Opportunities","displayName":"CreateView_Opportunities","description":"CreateView_Opportunities","x":512,"y":4608,"persistWorkflow":false,"loadWorkflowContext":false,"saveWorkflowContext":false,"properties":[{"$id":"47","name":"ViewName","syntax":"Literal","expressions":{"$id":"48","Literal":"Opportunities"}},{"$id":"49","name":"ObjectType","syntax":"JavaScript","expressions":{"$id":"50","JavaScript":"return \"Opportunity\";"}},{"$id":"51","name":"ViewDescription","syntax":"Literal","expressions":{"$id":"52","Literal":"All Opportunities"}},{"$id":"53","name":"Query","syntax":"Literal","expressions":{"$id":"54","Literal":""}},{"$id":"55","name":"Orderings","syntax":"JavaScript","expressions":{"$id":"56","JavaScript":"[]"}},{"$id":"57","name":"Projection","syntax":"JavaScript","expressions":{"$id":"58","JavaScript":"[]"}}],"propertyStorageProviders":{"$id":"59"}},{"$id":"60","activityId":"CreateView_Qualified Leads","type":"SolutionsViewsAdd","name":"CreateView_Qualified Leads","displayName":"CreateView_Qualified Leads","description":"CreateView_Qualified Leads","x":640,"y":4736,"persistWorkflow":false,"loadWorkflowContext":false,"saveWorkflowContext":false,"properties":[{"$id":"61","name":"ViewName","syntax":"Literal","expressions":{"$id":"62","Literal":"Qualified Leads"}},{"$id":"63","name":"ObjectType","syntax":"JavaScript","expressions":{"$id":"64","JavaScript":"return \"Lead\";"}},{"$id":"65","name":"ViewDescription","syntax":"Literal","expressions":{"$id":"66","Literal":"All Qualified Leads"}},{"$id":"67","name":"Query","syntax":"Literal","expressions":{"$id":"68","Literal":""}},{"$id":"69","name":"Orderings","syntax":"JavaScript","expressions":{"$id":"70","JavaScript":"[]"}},{"$id":"71","name":"Projection","syntax":"JavaScript","expressions":{"$id":"72","JavaScript":"[]"}}],"propertyStorageProviders":{"$id":"73"}},{"$id":"74","activityId":"96d19091-5e9f-4dc6-8d2d-850de9d45cec","type":"ObjectInstanceCreate","displayName":"Create Object Instance","x":465,"y":4120,"persistWorkflow":false,"loadWorkflowContext":false,"saveWorkflowContext":false,"properties":[{"$id":"75","name":"ObjectType","syntax":"Literal","expressions":{"$id":"76","Literal":"LeadStatus"}},{"$id":"77","name":"Values","expressions":{"$id":"78","Json":"{\"Title\":\"New\"}"}},{"$id":"79","name":"VariableName","expressions":{"$id":"80"}}],"propertyStorageProviders":{"$id":"81"}},{"$id":"82","activityId":"38f88a02-8b87-411b-9f82-ff28200e4277","type":"ObjectInstanceCreate","displayName":"Create Object Instance","x":545,"y":4240,"persistWorkflow":false,"loadWorkflowContext":false,"saveWorkflowContext":false,"properties":[{"$id":"83","name":"ObjectType","syntax":"Literal","expressions":{"$id":"84","Literal":"LeadStatus"}},{"$id":"85","name":"Values","expressions":{"$id":"86","Json":"{\"Title\":\"Assigned\"}"}},{"$id":"87","name":"VariableName","expressions":{"$id":"88"}}],"propertyStorageProviders":{"$id":"89"}},{"$id":"90","activityId":"62f6d1e3-b540-4296-af79-dc3c2d315400","type":"ObjectInstanceCreate","displayName":"Create Object Instance","x":705,"y":4340,"persistWorkflow":false,"loadWorkflowContext":false,"saveWorkflowContext":false,"properties":[{"$id":"91","name":"ObjectType","syntax":"Literal","expressions":{"$id":"92","Literal":"LeadStatus"}},{"$id":"93","name":"Values","expressions":{"$id":"94","Json":"{\"Title\":\"Contacted\"}"}},{"$id":"95","name":"VariableName","expressions":{"$id":"96"}}],"propertyStorageProviders":{"$id":"97"}},{"$id":"98","activityId":"cad2aa5e-4259-41c0-acb1-ab6a97996c46","type":"ObjectInstanceCreate","displayName":"Create Object Instance","x":885,"y":4440,"persistWorkflow":false,"loadWorkflowContext":false,"saveWorkflowContext":false,"properties":[{"$id":"99","name":"ObjectType","expressions":{"$id":"100","Literal":"2"}},{"$id":"101","name":"Values","expressions":{"$id":"102","Json":"{\"Title\":\"Qualified\"}"}},{"$id":"103","name":"VariableName","expressions":{"$id":"104"}}],"propertyStorageProviders":{"$id":"105"}},{"$id":"106","activityId":"864cf358-1a49-46eb-9d72-fb305aceadae","type":"ObjectInstanceCreate","displayName":"Create Object Instance","x":1025,"y":4540,"persistWorkflow":false,"loadWorkflowContext":false,"saveWorkflowContext":false,"properties":[{"$id":"107","name":"ObjectType","syntax":"Literal","expressions":{"$id":"108","Literal":"LeadStatus"}},{"$id":"109","name":"Values","expressions":{"$id":"110","Json":"{\"Title\":\"Closed - Lost\"}"}},{"$id":"111","name":"VariableName","expressions":{"$id":"112"}}],"propertyStorageProviders":{"$id":"113"}},{"$id":"114","activityId":"2ab7092a-33b9-4687-a32a-dc946fcd6113","type":"ObjectInstanceCreate","displayName":"Create Object Instance","x":1165,"y":4680,"persistWorkflow":false,"loadWorkflowContext":false,"saveWorkflowContext":false,"properties":[{"$id":"115","name":"ObjectType","syntax":"Literal","expressions":{"$id":"116","Literal":"OpportunityStatus"}},{"$id":"117","name":"Values","expressions":{"$id":"118","Json":"{\"Title\":\"New\"}"}},{"$id":"119","name":"VariableName","expressions":{"$id":"120"}}],"propertyStorageProviders":{"$id":"121"}},{"$id":"122","activityId":"f8c7ab82-2257-4d64-a310-4def1dbf98df","type":"ObjectInstanceCreate","displayName":"Create Object Instance","x":1265,"y":4800,"persistWorkflow":false,"loadWorkflowContext":false,"saveWorkflowContext":false,"properties":[{"$id":"123","name":"ObjectType","syntax":"Literal","expressions":{"$id":"124","Literal":"OpportunityStatus"}},{"$id":"125","name":"Values","expressions":{"$id":"126","Json":"{\"Title\":\"Assigned\"}"}},{"$id":"127","name":"VariableName","expressions":{"$id":"128"}}],"propertyStorageProviders":{"$id":"129"}},{"$id":"130","activityId":"223fb19f-e2b5-43db-bd86-a5af8ad53e87","type":"ObjectInstanceCreate","displayName":"Create Object Instance","x":1345,"y":4900,"persistWorkflow":false,"loadWorkflowContext":false,"saveWorkflowContext":false,"properties":[{"$id":"131","name":"ObjectType","syntax":"Literal","expressions":{"$id":"132","Literal":"OpportunityStatus"}},{"$id":"133","name":"Values","expressions":{"$id":"134","Json":"{\"Title\":\"Quote Sent\"}"}},{"$id":"135","name":"VariableName","expressions":{"$id":"136"}}],"propertyStorageProviders":{"$id":"137"}},{"$id":"138","activityId":"a8ad45cc-05ea-4af1-abb0-a9fb90c382f6","type":"ObjectInstanceCreate","displayName":"Create Object Instance","x":1485,"y":5000,"persistWorkflow":false,"loadWorkflowContext":false,"saveWorkflowContext":false,"properties":[{"$id":"139","name":"ObjectType","syntax":"Literal","expressions":{"$id":"140","Literal":"OpportunityStatus"}},{"$id":"141","name":"Values","expressions":{"$id":"142","Json":"{\"Title\":\"Closed - Won\"}"}},{"$id":"143","name":"VariableName","expressions":{"$id":"144"}}],"propertyStorageProviders":{"$id":"145"}},{"$id":"146","activityId":"35b70db8-cc1f-40ad-a10d-bbf41928622f","type":"ObjectInstanceCreate","displayName":"Create Object Instance","x":1585,"y":5100,"persistWorkflow":false,"loadWorkflowContext":false,"saveWorkflowContext":false,"properties":[{"$id":"147","name":"ObjectType","syntax":"Literal","expressions":{"$id":"148","Literal":"OpportunityStatus"}},{"$id":"149","name":"Values","expressions":{"$id":"150","Json":"{\"Title\":\"Closed - Lost\"}"}},{"$id":"151","name":"VariableName","expressions":{"$id":"152"}}],"propertyStorageProviders":{"$id":"153"}}],"connections":[{"$id":"154","sourceActivityId":"CreateView_Customers","targetActivityId":"CreateView_Leads","outcome":"Faulted"},{"$id":"155","sourceActivityId":"CreateView_Customers","targetActivityId":"CreateView_Leads","outcome":"Success"},{"$id":"156","sourceActivityId":"CreateView_Leads","targetActivityId":"CreateView_Contacts","outcome":"Faulted"},{"$id":"157","sourceActivityId":"CreateView_Leads","targetActivityId":"CreateView_Contacts","outcome":"Success"},{"$id":"158","sourceActivityId":"CreateView_Contacts","targetActivityId":"CreateView_Opportunities","outcome":"Faulted"},{"$id":"159","sourceActivityId":"CreateView_Contacts","targetActivityId":"CreateView_Opportunities","outcome":"Success"},{"$id":"160","sourceActivityId":"CreateView_Opportunities","targetActivityId":"CreateView_Qualified Leads","outcome":"Faulted"},{"$id":"161","sourceActivityId":"CreateView_Opportunities","targetActivityId":"CreateView_Qualified Leads","outcome":"Success"},{"$id":"162","sourceActivityId":"96d19091-5e9f-4dc6-8d2d-850de9d45cec","targetActivityId":"38f88a02-8b87-411b-9f82-ff28200e4277","outcome":"Done"},{"$id":"163","sourceActivityId":"38f88a02-8b87-411b-9f82-ff28200e4277","targetActivityId":"62f6d1e3-b540-4296-af79-dc3c2d315400","outcome":"Done"},{"$id":"164","sourceActivityId":"62f6d1e3-b540-4296-af79-dc3c2d315400","targetActivityId":"cad2aa5e-4259-41c0-acb1-ab6a97996c46","outcome":"Done"},{"$id":"165","sourceActivityId":"cad2aa5e-4259-41c0-acb1-ab6a97996c46","targetActivityId":"864cf358-1a49-46eb-9d72-fb305aceadae","outcome":"Done"},{"$id":"166","sourceActivityId":"864cf358-1a49-46eb-9d72-fb305aceadae","targetActivityId":"2ab7092a-33b9-4687-a32a-dc946fcd6113","outcome":"Done"},{"$id":"167","sourceActivityId":"2ab7092a-33b9-4687-a32a-dc946fcd6113","targetActivityId":"f8c7ab82-2257-4d64-a310-4def1dbf98df","outcome":"Done"},{"$id":"168","sourceActivityId":"f8c7ab82-2257-4d64-a310-4def1dbf98df","targetActivityId":"223fb19f-e2b5-43db-bd86-a5af8ad53e87","outcome":"Done"},{"$id":"169","sourceActivityId":"223fb19f-e2b5-43db-bd86-a5af8ad53e87","targetActivityId":"a8ad45cc-05ea-4af1-abb0-a9fb90c382f6","outcome":"Done"},{"$id":"170","sourceActivityId":"a8ad45cc-05ea-4af1-abb0-a9fb90c382f6","targetActivityId":"35b70db8-cc1f-40ad-a10d-bbf41928622f","outcome":"Done"},{"$id":"171","sourceActivityId":"CreateView_Qualified Leads","targetActivityId":"96d19091-5e9f-4dc6-8d2d-850de9d45cec","outcome":"Success"}],"id":"e0e046bd31cc4c9fa6127dfa5586711a"}