{
    "$id": "1",
    "name": "World of Workflows CRM",
    "description": "World of Workflows CRM is a CRM system built on the World of Workflows platform",
    "version": "1",
    "icon": "",
    "iconName": "Icon",
    "deleteWorkflowAfterSetup": true,
    "typeQueries": [
        {
            "$id": "2",
            "sourceTypeId": 1,
            "selected": true,
            "typeName": "Lead",
            "typeDescription": "A Lead",
            "typeColumns": [
                {
                    "$id": "3",
                    "columnId": 1,
                    "columnName": "Title",
                    "columnDisplayName": "Title",
                    "columnDescription": "Title of the Object",
                    "dataTypeId": 6,
                    "displayOrder": 1,
                    "visible": true,
                    "indexed": false,
                    "creationOrder": 0
                },
                {
                    "$id": "4",
                    "columnId": 7,
                    "columnName": "FirstName",
                    "columnDisplayName": "First Name",
                    "columnDescription": "First Name",
                    "dataTypeId": 6,
                    "displayOrder": 2,
                    "visible": true,
                    "indexed": false,
                    "creationOrder": 0
                },
                {
                    "$id": "5",
                    "columnId": 8,
                    "columnName": "LastName",
                    "columnDisplayName": "Last Name",
                    "columnDescription": "Last Name",
                    "dataTypeId": 6,
                    "displayOrder": 3,
                    "visible": true,
                    "indexed": false,
                    "creationOrder": 0
                },
                {
                    "$id": "6",
                    "columnId": 9,
                    "columnName": "Email",
                    "columnDisplayName": "Email",
                    "columnDescription": "Email",
                    "dataTypeId": 6,
                    "displayOrder": 4,
                    "visible": true,
                    "indexed": false,
                    "creationOrder": 0
                },
                {
                    "$id": "7",
                    "columnId": 10,
                    "columnName": "Phone",
                    "columnDisplayName": "Phone",
                    "columnDescription": "Phone",
                    "dataTypeId": 6,
                    "displayOrder": 5,
                    "visible": true,
                    "indexed": false,
                    "creationOrder": 0
                },
                {
                    "$id": "8",
                    "columnId": 11,
                    "columnName": "EstAmount",
                    "columnDisplayName": "Est. amount",
                    "columnDescription": "Est. amount",
                    "dataTypeId": 3,
                    "displayOrder": 6,
                    "visible": true,
                    "indexed": false,
                    "creationOrder": 0
                },
                {
                    "$id": "9",
                    "columnId": 12,
                    "columnName": "EstClose",
                    "columnDisplayName": "Est. Close",
                    "columnDescription": "Est. Close date",
                    "dataTypeId": 7,
                    "displayOrder": 7,
                    "visible": true,
                    "indexed": false,
                    "creationOrder": 0
                },
                {
                    "$id": "10",
                    "columnId": 13,
                    "columnName": "Status",
                    "columnDisplayName": "Status",
                    "columnDescription": "Status",
                    "dataTypeId": 1,
                    "displayOrder": 8,
                    "principalTypeId": 2,
                    "principalTypeName": "LeadStatus",
                    "visible": true,
                    "indexed": false,
                    "creationOrder": 0
                },
                {
                    "$id": "11",
                    "columnId": 29,
                    "columnName": "CompanyName",
                    "columnDisplayName": "Company Name",
                    "columnDescription": "Company Name",
                    "dataTypeId": 6,
                    "displayOrder": 9,
                    "visible": true,
                    "indexed": false,
                    "creationOrder": 0
                }
            ],
            "typeData": [],
            "query": "",
            "allDataSelected": false,
            "successExecution": false,
            "setByReference": false,
            "executionOrder": 0
        },
        {
            "$id": "12",
            "sourceTypeId": 2,
            "selected": true,
            "typeName": "LeadStatus",
            "typeDescription": "The Status of a Lead",
            "typeColumns": [
                {
                    "$id": "13",
                    "columnId": 2,
                    "columnName": "Title",
                    "columnDisplayName": "Title",
                    "columnDescription": "Title of the Object",
                    "dataTypeId": 6,
                    "displayOrder": 1,
                    "visible": true,
                    "indexed": false,
                    "creationOrder": 0
                }
            ],
            "typeData": [],
            "query": "",
            "allDataSelected": false,
            "successExecution": false,
            "setByReference": false,
            "executionOrder": 0
        },
        {
            "$id": "14",
            "sourceTypeId": 3,
            "selected": true,
            "typeName": "Customer",
            "typeDescription": "A Customer of the Business",
            "typeColumns": [
                {
                    "$id": "15",
                    "columnId": 3,
                    "columnName": "Title",
                    "columnDisplayName": "Title",
                    "columnDescription": "Title of the Object",
                    "dataTypeId": 6,
                    "displayOrder": 1,
                    "visible": true,
                    "indexed": false,
                    "creationOrder": 0
                },
                {
                    "$id": "16",
                    "columnId": 14,
                    "columnName": "Website",
                    "columnDisplayName": "Website",
                    "columnDescription": "Website",
                    "dataTypeId": 6,
                    "displayOrder": 2,
                    "visible": true,
                    "indexed": false,
                    "creationOrder": 0
                },
                {
                    "$id": "17",
                    "columnId": 15,
                    "columnName": "MainPhone",
                    "columnDisplayName": "Main Phone",
                    "columnDescription": "Main Phone",
                    "dataTypeId": 6,
                    "displayOrder": 3,
                    "visible": true,
                    "indexed": false,
                    "creationOrder": 0
                },
                {
                    "$id": "18",
                    "columnId": 16,
                    "columnName": "StreetAddress",
                    "columnDisplayName": "Street Address",
                    "columnDescription": "Street Address",
                    "dataTypeId": 6,
                    "displayOrder": 4,
                    "visible": true,
                    "indexed": false,
                    "creationOrder": 0
                },
                {
                    "$id": "19",
                    "columnId": 17,
                    "columnName": "City",
                    "columnDisplayName": "City",
                    "columnDescription": "City",
                    "dataTypeId": 6,
                    "displayOrder": 5,
                    "visible": true,
                    "indexed": false,
                    "creationOrder": 0
                },
                {
                    "$id": "20",
                    "columnId": 18,
                    "columnName": "State",
                    "columnDisplayName": "State",
                    "columnDescription": "State",
                    "dataTypeId": 6,
                    "displayOrder": 6,
                    "visible": true,
                    "indexed": false,
                    "creationOrder": 0
                },
                {
                    "$id": "21",
                    "columnId": 19,
                    "columnName": "PostalCode",
                    "columnDisplayName": "PostalCode",
                    "columnDescription": "PostalCode",
                    "dataTypeId": 6,
                    "displayOrder": 7,
                    "visible": true,
                    "indexed": false,
                    "creationOrder": 0
                },
                {
                    "$id": "22",
                    "columnId": 20,
                    "columnName": "PrimaryContact",
                    "columnDisplayName": "Primary Contact",
                    "columnDescription": "Primary Contact",
                    "dataTypeId": 1,
                    "displayOrder": 8,
                    "principalTypeId": 4,
                    "principalTypeName": "Contact",
                    "visible": true,
                    "indexed": false,
                    "creationOrder": 0
                }
            ],
            "typeData": [],
            "query": "",
            "allDataSelected": false,
            "successExecution": false,
            "setByReference": false,
            "executionOrder": 0
        },
        {
            "$id": "23",
            "sourceTypeId": 4,
            "selected": true,
            "typeName": "Contact",
            "typeDescription": "A Business Contact",
            "typeColumns": [
                {
                    "$id": "24",
                    "columnId": 4,
                    "columnName": "FullName",
                    "columnDisplayName": "FullName",
                    "columnDescription": "The Full Name",
                    "dataTypeId": 6,
                    "displayOrder": 1,
                    "visible": true,
                    "indexed": false,
                    "creationOrder": 0
                },
                {
                    "$id": "25",
                    "columnId": 21,
                    "columnName": "Customer",
                    "columnDisplayName": "Customer",
                    "columnDescription": "Customer",
                    "dataTypeId": 1,
                    "displayOrder": 2,
                    "principalTypeId": 3,
                    "principalTypeName": "Customer",
                    "visible": true,
                    "indexed": false,
                    "creationOrder": 0
                },
                {
                    "$id": "26",
                    "columnId": 22,
                    "columnName": "Email",
                    "columnDisplayName": "Email",
                    "columnDescription": "Email",
                    "dataTypeId": 6,
                    "displayOrder": 3,
                    "visible": true,
                    "indexed": false,
                    "creationOrder": 0
                },
                {
                    "$id": "27",
                    "columnId": 23,
                    "columnName": "Phone",
                    "columnDisplayName": "Phone",
                    "columnDescription": "Phone",
                    "dataTypeId": 6,
                    "displayOrder": 4,
                    "visible": true,
                    "indexed": false,
                    "creationOrder": 0
                }
            ],
            "typeData": [],
            "query": "",
            "allDataSelected": false,
            "successExecution": false,
            "setByReference": false,
            "executionOrder": 0
        },
        {
            "$id": "28",
            "sourceTypeId": 5,
            "selected": true,
            "typeName": "Opportunity",
            "typeDescription": "A Qualified Opportunity",
            "typeColumns": [
                {
                    "$id": "29",
                    "columnId": 5,
                    "columnName": "Title",
                    "columnDisplayName": "Title",
                    "columnDescription": "Title of the Object",
                    "dataTypeId": 6,
                    "displayOrder": 1,
                    "visible": true,
                    "indexed": false,
                    "creationOrder": 0
                },
                {
                    "$id": "30",
                    "columnId": 24,
                    "columnName": "Customer",
                    "columnDisplayName": "Customer",
                    "columnDescription": "Customer",
                    "dataTypeId": 1,
                    "displayOrder": 2,
                    "principalTypeId": 3,
                    "principalTypeName": "Customer",
                    "visible": true,
                    "indexed": false,
                    "creationOrder": 0
                },
                {
                    "$id": "31",
                    "columnId": 25,
                    "columnName": "Contact",
                    "columnDisplayName": "Contact",
                    "columnDescription": "Contact",
                    "dataTypeId": 1,
                    "displayOrder": 3,
                    "principalTypeId": 4,
                    "principalTypeName": "Contact",
                    "visible": true,
                    "indexed": false,
                    "creationOrder": 0
                },
                {
                    "$id": "32",
                    "columnId": 26,
                    "columnName": "Amount",
                    "columnDisplayName": "Amount",
                    "columnDescription": "Amount",
                    "dataTypeId": 3,
                    "displayOrder": 4,
                    "visible": true,
                    "indexed": false,
                    "creationOrder": 0
                },
                {
                    "$id": "33",
                    "columnId": 27,
                    "columnName": "Status",
                    "columnDisplayName": "Status",
                    "columnDescription": "Status",
                    "dataTypeId": 1,
                    "displayOrder": 5,
                    "principalTypeId": 6,
                    "principalTypeName": "OpportunityStatus",
                    "visible": true,
                    "indexed": false,
                    "creationOrder": 0
                },
                {
                    "$id": "34",
                    "columnId": 28,
                    "columnName": "CloseDate",
                    "columnDisplayName": "Close Date",
                    "columnDescription": "Close Date",
                    "dataTypeId": 7,
                    "displayOrder": 6,
                    "visible": true,
                    "indexed": false,
                    "creationOrder": 0
                }
            ],
            "typeData": [],
            "query": "",
            "allDataSelected": false,
            "successExecution": false,
            "setByReference": false,
            "executionOrder": 0
        },
        {
            "$id": "35",
            "sourceTypeId": 6,
            "selected": true,
            "typeName": "OpportunityStatus",
            "typeDescription": "The Status of an Opportunity",
            "typeColumns": [
                {
                    "$id": "36",
                    "columnId": 6,
                    "columnName": "Title",
                    "columnDisplayName": "Title",
                    "columnDescription": "Title of the Object",
                    "dataTypeId": 6,
                    "displayOrder": 1,
                    "visible": true,
                    "indexed": false,
                    "creationOrder": 0
                }
            ],
            "typeData": [],
            "query": "",
            "allDataSelected": false,
            "successExecution": false,
            "setByReference": false,
            "executionOrder": 0
        }
    ],
    "workflowQueries": [
        {
            "$id": "118",
            "selected": true,
            "workflowDefinitionResponse": {
                "$id": "119",
                "id": "c7cf5d439dd0493cb9723a47b14808e1",
                "definitionId": "ca3fca12bcb04b929fd04ebc0ef7b301",
                "versionId": "c7cf5d439dd0493cb9723a47b14808e1",
                "name": "Qualify Lead",
                "displayName": "Qualifies a Lead",
                "description": "This workflow performs the Lead Qualification Process",
                "version": 7,
                "variables": "{}",
                "customAttributes": "{}",
                "isSingleton": false,
                "persistenceBehavior": "WorkflowBurst",
                "deleteCompletedInstances": false,
                "isPublished": true,
                "isLatest": true,
                "activities": [
                    {
                        "$id": "120",
                        "activityId": "f638077f-8e67-49af-b93c-4e495fbdeeaf",
                        "type": "ObjectInstanceList",
                        "name": "GetCustomers",
                        "displayName": "GetCustomers",
                        "persistWorkflow": false,
                        "loadWorkflowContext": false,
                        "saveWorkflowContext": false,
                        "properties": [
                            {
                                "$id": "121",
                                "name": "ObjectType",
                                "expressions": {
                                    "$id": "122",
                                    "literal": "3"
                                }
                            },
                            {
                                "$id": "123",
                                "name": "Filter",
                                "syntax": "Liquid",
                                "expressions": {
                                    "$id": "124",
                                    "liquid": "Title eq '{{Variables.ThisLead.CompanyName}}'"
                                }
                            },
                            {
                                "$id": "125",
                                "name": "Skip",
                                "expressions": {
                                    "$id": "126"
                                }
                            },
                            {
                                "$id": "127",
                                "name": "Limit",
                                "expressions": {
                                    "$id": "128"
                                }
                            },
                            {
                                "$id": "129",
                                "name": "OrderBy",
                                "expressions": {
                                    "$id": "130"
                                }
                            }
                        ]
                    },
                    {
                        "$id": "131",
                        "activityId": "7b45079c-f083-4309-b4dd-2877b7e30860",
                        "type": "If",
                        "name": "IFCustomerExists",
                        "displayName": "If the customer exists",
                        "persistWorkflow": false,
                        "loadWorkflowContext": false,
                        "saveWorkflowContext": false,
                        "properties": [
                            {
                                "$id": "132",
                                "name": "Condition",
                                "syntax": "JavaScript",
                                "expressions": {
                                    "$id": "133",
                                    "javaScript": "activities.GetCustomers.Output().count>0"
                                }
                            }
                        ]
                    },
                    {
                        "$id": "134",
                        "activityId": "4a97969c-4745-45d8-b995-87503566493c",
                        "type": "SetVariable",
                        "displayName": "Set Variable ThisCustomer",
                        "persistWorkflow": false,
                        "loadWorkflowContext": false,
                        "saveWorkflowContext": false,
                        "properties": [
                            {
                                "$id": "135",
                                "name": "VariableName",
                                "expressions": {
                                    "$id": "136",
                                    "literal": "ThisCustomer"
                                }
                            },
                            {
                                "$id": "137",
                                "name": "Value",
                                "syntax": "JavaScript",
                                "expressions": {
                                    "$id": "138",
                                    "javaScript": "activities.GetCustomers.Output()[0]"
                                }
                            }
                        ]
                    },
                    {
                        "$id": "139",
                        "activityId": "c4377bce-ace1-4b7b-8b9e-bad90977da83",
                        "type": "ObjectInstanceCreate",
                        "name": "CreateCustomer",
                        "displayName": "Create New Customer",
                        "persistWorkflow": false,
                        "loadWorkflowContext": false,
                        "saveWorkflowContext": false,
                        "properties": [
                            {
                                "$id": "140",
                                "name": "ObjectType",
                                "expressions": {
                                    "$id": "141",
                                    "literal": "3"
                                }
                            },
                            {
                                "$id": "142",
                                "name": "Values",
                                "syntax": "JavaScript",
                                "expressions": {
                                    "$id": "143",
                                    "javaScript": "var result = {\r\n    \"Title\": getVariable(\"ThisLead\").CompanyName\r\n};\r\nreturn result;"
                                }
                            },
                            {
                                "$id": "144",
                                "name": "VariableName",
                                "expressions": {
                                    "$id": "145",
                                    "literal": "ThisCustomer"
                                }
                            }
                        ]
                    },
                    {
                        "$id": "146",
                        "activityId": "0e39b5c1-0d0a-4c1e-a5f6-e77da0516f9a",
                        "type": "ObjectInstanceList",
                        "name": "GetContact",
                        "displayName": "Get Contact",
                        "persistWorkflow": false,
                        "loadWorkflowContext": false,
                        "saveWorkflowContext": false,
                        "properties": [
                            {
                                "$id": "147",
                                "name": "ObjectType",
                                "expressions": {
                                    "$id": "148",
                                    "literal": "4"
                                }
                            },
                            {
                                "$id": "149",
                                "name": "Filter",
                                "syntax": "Liquid",
                                "expressions": {
                                    "$id": "150",
                                    "liquid": "Email eq '{{Variables.ThisLead.Email}}'"
                                }
                            },
                            {
                                "$id": "151",
                                "name": "Skip",
                                "expressions": {
                                    "$id": "152"
                                }
                            },
                            {
                                "$id": "153",
                                "name": "Limit",
                                "expressions": {
                                    "$id": "154"
                                }
                            },
                            {
                                "$id": "155",
                                "name": "OrderBy",
                                "expressions": {
                                    "$id": "156"
                                }
                            }
                        ]
                    },
                    {
                        "$id": "157",
                        "activityId": "4173fbc9-d7af-403c-b082-bcdfe9a94e15",
                        "type": "If",
                        "displayName": "If the Contact Exists",
                        "persistWorkflow": false,
                        "loadWorkflowContext": false,
                        "saveWorkflowContext": false,
                        "properties": [
                            {
                                "$id": "158",
                                "name": "Condition",
                                "syntax": "JavaScript",
                                "expressions": {
                                    "$id": "159",
                                    "javaScript": "activities.GetContact.Output().count >0"
                                }
                            }
                        ]
                    },
                    {
                        "$id": "160",
                        "activityId": "7bc3cf21-ac1e-4b25-9c23-04b32131e579",
                        "type": "SetVariable",
                        "displayName": "Set Variable ThisContact",
                        "persistWorkflow": false,
                        "loadWorkflowContext": false,
                        "saveWorkflowContext": false,
                        "properties": [
                            {
                                "$id": "161",
                                "name": "VariableName",
                                "expressions": {
                                    "$id": "162",
                                    "literal": "ThisContact"
                                }
                            },
                            {
                                "$id": "163",
                                "name": "Value",
                                "syntax": "JavaScript",
                                "expressions": {
                                    "$id": "164",
                                    "javaScript": "activities.GetContact.Output()[0]"
                                }
                            }
                        ]
                    },
                    {
                        "$id": "165",
                        "activityId": "dc10e2ee-c5e2-4392-a64e-e396c2cc5b66",
                        "type": "ObjectInstanceCreate",
                        "displayName": "Create New Contact",
                        "persistWorkflow": false,
                        "loadWorkflowContext": false,
                        "saveWorkflowContext": false,
                        "properties": [
                            {
                                "$id": "166",
                                "name": "ObjectType",
                                "expressions": {
                                    "$id": "167",
                                    "literal": "4"
                                }
                            },
                            {
                                "$id": "168",
                                "name": "Values",
                                "syntax": "JavaScript",
                                "expressions": {
                                    "$id": "169",
                                    "javaScript": "var result = {\r\n    \"FullName\": getVariable(\"ThisLead\").FirstName + \" \" + getVariable(\"ThisLead\").LastName,\r\n    \"Email\": getVariable(\"ThisLead\").Email,\r\n    \"Phone\": getVariable(\"ThisLead\").Phone,\r\n    \"Customer\": getVariable(\"ThisCustomer\").ObjectId\r\n};\r\nreturn result;      "
                                }
                            },
                            {
                                "$id": "170",
                                "name": "VariableName",
                                "expressions": {
                                    "$id": "171",
                                    "literal": "ThisContact"
                                }
                            }
                        ]
                    },
                    {
                        "$id": "172",
                        "activityId": "45577d19-9240-4c30-9afc-c29169d0ee45",
                        "type": "SetVariable",
                        "displayName": "Set Variable",
                        "persistWorkflow": false,
                        "loadWorkflowContext": false,
                        "saveWorkflowContext": false,
                        "properties": [
                            {
                                "$id": "173",
                                "name": "VariableName",
                                "expressions": {
                                    "$id": "174",
                                    "literal": "ThisLead"
                                }
                            },
                            {
                                "$id": "175",
                                "name": "Value",
                                "syntax": "JavaScript",
                                "expressions": {
                                    "$id": "176",
                                    "javaScript": "activities.Qualify.Instance()"
                                }
                            }
                        ]
                    },
                    {
                        "$id": "177",
                        "activityId": "f7a93694-e674-4867-940f-fe028157e62c",
                        "type": "ObjectInstanceTrigger",
                        "name": "Qualify",
                        "displayName": "Qualify this lead",
                        "persistWorkflow": false,
                        "loadWorkflowContext": false,
                        "saveWorkflowContext": false,
                        "properties": [
                            {
                                "$id": "178",
                                "name": "ObjectTypeId",
                                "expressions": {
                                    "$id": "179",
                                    "literal": "1"
                                }
                            }
                        ]
                    },
                    {
                        "$id": "180",
                        "activityId": "d9a66f55-0e4a-46f5-9870-72378777ba48",
                        "type": "ObjectInstanceCreate",
                        "displayName": "Create Opportunity",
                        "persistWorkflow": false,
                        "loadWorkflowContext": false,
                        "saveWorkflowContext": false,
                        "properties": [
                            {
                                "$id": "181",
                                "name": "ObjectType",
                                "expressions": {
                                    "$id": "182",
                                    "literal": "5"
                                }
                            },
                            {
                                "$id": "183",
                                "name": "Values",
                                "syntax": "JavaScript",
                                "expressions": {
                                    "$id": "184",
                                    "javaScript": "var result = {\r\n    \"Customer\": getVariable(\"ThisCustomer\").ObjectId,\r\n    \"Contact\": getVariable(\"ThisContact\").ObjectId,\r\n    \"CloseDate\": getVariable(\"ThisLead\").EstClose,\r\n    \"Amount\": getVariable(\"ThisLead\").EstAmount,\r\n    \"Status\": 6,\r\n    \"Title\": getVariable(\"ThisLead\").Title\r\n};\r\nreturn result;"
                                }
                            },
                            {
                                "$id": "185",
                                "name": "VariableName",
                                "expressions": {
                                    "$id": "186",
                                    "literal": "ThisOpportunity"
                                }
                            }
                        ]
                    },
                    {
                        "$id": "187",
                        "activityId": "d1c642aa-4137-488b-a7ef-e0c34c67f3fa",
                        "type": "ObjectInstanceUpdate",
                        "displayName": "Update Object Instance",
                        "persistWorkflow": false,
                        "loadWorkflowContext": false,
                        "saveWorkflowContext": false,
                        "properties": [
                            {
                                "$id": "188",
                                "name": "InstanceId",
                                "syntax": "JavaScript",
                                "expressions": {
                                    "$id": "189",
                                    "javaScript": "getVariable(\"ThisLead\").ObjectId"
                                }
                            },
                            {
                                "$id": "190",
                                "name": "ClearOmittedFields",
                                "expressions": {
                                    "$id": "191"
                                }
                            },
                            {
                                "$id": "192",
                                "name": "Values",
                                "expressions": {
                                    "$id": "193"
                                }
                            },
                            {
                                "$id": "194",
                                "name": "VariableName",
                                "expressions": {
                                    "$id": "195",
                                    "literal": "UpdatedLead"
                                }
                            }
                        ]
                    }
                ],
                "connections": [
                    {
                        "$id": "196",
                        "sourceActivityId": "f7a93694-e674-4867-940f-fe028157e62c",
                        "targetActivityId": "45577d19-9240-4c30-9afc-c29169d0ee45",
                        "outcome": "Done"
                    },
                    {
                        "$id": "197",
                        "sourceActivityId": "45577d19-9240-4c30-9afc-c29169d0ee45",
                        "targetActivityId": "f638077f-8e67-49af-b93c-4e495fbdeeaf",
                        "outcome": "Done"
                    },
                    {
                        "$id": "198",
                        "sourceActivityId": "f638077f-8e67-49af-b93c-4e495fbdeeaf",
                        "targetActivityId": "7b45079c-f083-4309-b4dd-2877b7e30860",
                        "outcome": "Done"
                    },
                    {
                        "$id": "199",
                        "sourceActivityId": "7b45079c-f083-4309-b4dd-2877b7e30860",
                        "targetActivityId": "4a97969c-4745-45d8-b995-87503566493c",
                        "outcome": "True"
                    },
                    {
                        "$id": "200",
                        "sourceActivityId": "7b45079c-f083-4309-b4dd-2877b7e30860",
                        "targetActivityId": "c4377bce-ace1-4b7b-8b9e-bad90977da83",
                        "outcome": "False"
                    },
                    {
                        "$id": "201",
                        "sourceActivityId": "4a97969c-4745-45d8-b995-87503566493c",
                        "targetActivityId": "0e39b5c1-0d0a-4c1e-a5f6-e77da0516f9a",
                        "outcome": "Done"
                    },
                    {
                        "$id": "202",
                        "sourceActivityId": "c4377bce-ace1-4b7b-8b9e-bad90977da83",
                        "targetActivityId": "0e39b5c1-0d0a-4c1e-a5f6-e77da0516f9a",
                        "outcome": "Done"
                    },
                    {
                        "$id": "203",
                        "sourceActivityId": "0e39b5c1-0d0a-4c1e-a5f6-e77da0516f9a",
                        "targetActivityId": "4173fbc9-d7af-403c-b082-bcdfe9a94e15",
                        "outcome": "Done"
                    },
                    {
                        "$id": "204",
                        "sourceActivityId": "4173fbc9-d7af-403c-b082-bcdfe9a94e15",
                        "targetActivityId": "7bc3cf21-ac1e-4b25-9c23-04b32131e579",
                        "outcome": "True"
                    },
                    {
                        "$id": "205",
                        "sourceActivityId": "4173fbc9-d7af-403c-b082-bcdfe9a94e15",
                        "targetActivityId": "dc10e2ee-c5e2-4392-a64e-e396c2cc5b66",
                        "outcome": "False"
                    },
                    {
                        "$id": "206",
                        "sourceActivityId": "7bc3cf21-ac1e-4b25-9c23-04b32131e579",
                        "targetActivityId": "d9a66f55-0e4a-46f5-9870-72378777ba48",
                        "outcome": "Done"
                    },
                    {
                        "$id": "207",
                        "sourceActivityId": "dc10e2ee-c5e2-4392-a64e-e396c2cc5b66",
                        "targetActivityId": "d9a66f55-0e4a-46f5-9870-72378777ba48",
                        "outcome": "Done"
                    },
                    {
                        "$id": "208",
                        "sourceActivityId": "d9a66f55-0e4a-46f5-9870-72378777ba48",
                        "targetActivityId": "d1c642aa-4137-488b-a7ef-e0c34c67f3fa",
                        "outcome": "Done"
                    }
                ]
            }
        }
    ],
    "viewQueries": [
        {
            "$id": "209",
            "viewId": 1,
            "viewName": "Customers",
            "viewDescription": "All Customers",
            "viewType": "Customer",
            "selected": true,
            "view": {
                "name": "Customers",
                "description": "All Customers",
                "definition": null,
                "isDefault": false,
                "query": "",
                "filter": "",
                "typeId": 3,
                "parentId": null,
                "projection": [
                    3,
                    14,
                    15,
                    17,
                    20
                ],
                "orderings": []
            }
        },
        {
            "$id": "210",
            "viewId": 2,
            "viewName": "Leads",
            "viewDescription": "All Leads",
            "viewType": "Lead",
            "selected": true,
            "view": {
                "name": "Leads",
                "description": "All Leads",
                "definition": null,
                "isDefault": false,
                "query": "",
                "filter": "Status ne 4",
                "typeId": 1,
                "parentId": null,
                "projection": [
                    1,
                    7,
                    8,
                    11,
                    12,
                    13
                ],
                "orderings": [
                    [
                        13,
                        "A"
                    ]
                ]
            }
        },
        {
            "$id": "211",
            "viewId": 3,
            "viewName": "Contacts",
            "viewDescription": "All Contacts",
            "viewType": "Contact",
            "selected": true,
            "view": {
                "name": "Contacts",
                "description": "All Contacts",
                "definition": null,
                "isDefault": false,
                "query": "",
                "filter": "",
                "typeId": 4,
                "parentId": null,
                "projection": [
                    4,
                    21,
                    22,
                    23
                ],
                "orderings": []
            }
        },
        {
            "$id": "212",
            "viewId": 4,
            "viewName": "Opportunities",
            "viewDescription": "All Opportunities",
            "viewType": "Opportunity",
            "selected": true,
            "view": {
                "name": "Opportunities",
                "description": "All Opportunities",
                "definition": null,
                "isDefault": false,
                "query": "",
                "filter": "",
                "typeId": 5,
                "parentId": null,
                "projection": [
                    5,
                    24,
                    25,
                    26,
                    28,
                    27
                ],
                "orderings": [
                    [
                        28,
                        "A"
                    ]
                ]
            }
        },
        {
            "$id": "213",
            "viewId": 5,
            "viewName": "Qualified Leads",
            "viewDescription": "All Qualified Leads",
            "viewType": "Lead",
            "selected": true,
            "view": {
                "name": "Qualified Leads",
                "description": "All Qualified Leads",
                "definition": null,
                "isDefault": false,
                "query": "",
                "filter": "Status eq 4",
                "typeId": 1,
                "parentId": 2,
                "projection": [
                    1,
                    29,
                    7,
                    8,
                    11,
                    12
                ],
                "orderings": [
                    [
                        12,
                        "A"
                    ]
                ]
            }
        }
    ],
    "pluginQueries": [],
    "plugins": [],
    "enableData": false,
    "solutionImportArchive": ""
}