{"$id":"829","definitionId":"4b9c1c2ff1604d69b89d4e0d48d06868","versionId":"2a55370ee92241e0b4aba41f40f58603","name":"QualifyLead","displayName":"Qualifies a Lead","version":8,"variables":{"$id":"830","data":{}},"customAttributes":{"$id":"831","data":{}},"isSingleton":false,"persistenceBehavior":"WorkflowBurst","deleteCompletedInstances":false,"isPublished":true,"isLatest":true,"createdAt":"2023-10-03T03:58:54.3324575Z","activities":[{"$id":"832","activityId":"001f1dd0-2195-47ca-b08f-ad121e73e461","type":"ObjectInstanceTrigger","name":"Qualify","displayName":"Qualify","x":260,"y":140,"persistWorkflow":false,"loadWorkflowContext":false,"saveWorkflowContext":false,"properties":[{"$id":"833","name":"ObjectTypeId","expressions":{"$id":"834","Literal":"1"}}],"propertyStorageProviders":{"$id":"835"}},{"$id":"836","activityId":"7f28ff04-3744-4c66-aabc-b405ac320d5c","type":"SetVariable","name":"SetThisLead","displayName":"Set Variable ThisLead","x":420,"y":240,"persistWorkflow":false,"loadWorkflowContext":false,"saveWorkflowContext":false,"properties":[{"$id":"837","name":"VariableName","expressions":{"$id":"838","Literal":"ThisLead"}},{"$id":"839","name":"Value","syntax":"JavaScript","expressions":{"$id":"840","JavaScript":"activities.Qualify.Instance()"}}],"propertyStorageProviders":{"$id":"841"}},{"$id":"842","activityId":"ab6e5093-7f1f-49cf-85e2-5eee09469ef8","type":"ObjectInstanceList","name":"GetCustomers","displayName":"Get All Customers Matching the Lead Record","x":500,"y":340,"persistWorkflow":false,"loadWorkflowContext":false,"saveWorkflowContext":false,"properties":[{"$id":"843","name":"ObjectType","expressions":{"$id":"844","Literal":"3"}},{"$id":"845","name":"Filter","syntax":"Liquid","expressions":{"$id":"846","Liquid":"Title eq '{{Variables.ThisLead.Customer}}'"}},{"$id":"847","name":"Skip","expressions":{"$id":"848"}},{"$id":"849","name":"Limit","expressions":{"$id":"850"}},{"$id":"851","name":"OrderBy","expressions":{"$id":"852"}}],"propertyStorageProviders":{"$id":"853"}},{"$id":"854","activityId":"c642c879-390b-428d-a8b2-bf2aa5b3dd44","type":"If","displayName":"If there is a customer record","x":760,"y":460,"persistWorkflow":false,"loadWorkflowContext":false,"saveWorkflowContext":false,"properties":[{"$id":"855","name":"Condition","syntax":"JavaScript","expressions":{"$id":"856","JavaScript":"activities.GetCustomers.Output().count>0"}}],"propertyStorageProviders":{"$id":"857"}},{"$id":"858","activityId":"fe2f76b6-9aeb-4632-8bab-336e20281278","type":"SetVariable","displayName":"Set Variable NewCustomer","x":1340,"y":360,"persistWorkflow":false,"loadWorkflowContext":false,"saveWorkflowContext":false,"properties":[{"$id":"859","name":"VariableName","expressions":{"$id":"860","Literal":"NewCustomer"}},{"$id":"861","name":"Value","syntax":"JavaScript","expressions":{"$id":"862","JavaScript":"activities.GetCustomers.Output()[0]"}}],"propertyStorageProviders":{"$id":"863"}},{"$id":"864","activityId":"6ece91c8-e6fa-4e84-8fcf-f6f7e89a8423","type":"ObjectInstanceCreate","displayName":"Create Customer, Set Variable newCustomer","x":1200,"y":480,"persistWorkflow":false,"loadWorkflowContext":false,"saveWorkflowContext":false,"properties":[{"$id":"865","name":"ObjectType","expressions":{"$id":"866","Literal":"3"}},{"$id":"867","name":"Values","syntax":"JavaScript","expressions":{"$id":"868","JavaScript":"var result = {\r\n    \"Title\": getVariable(\"ThisLead\").Company\r\n};\r\nreturn result;"}},{"$id":"869","name":"VariableName","expressions":{"$id":"870","Literal":"NewCustomer"}}],"propertyStorageProviders":{"$id":"871"}},{"$id":"872","activityId":"4464f011-f6da-42fa-b6c6-19268bde14bb","type":"ObjectInstanceList","name":"GetContact","displayName":"Get All Contacts matching the lead record","x":1460,"y":700,"persistWorkflow":false,"loadWorkflowContext":false,"saveWorkflowContext":false,"properties":[{"$id":"873","name":"ObjectType","expressions":{"$id":"874","Literal":"4"}},{"$id":"875","name":"Filter","syntax":"Liquid","expressions":{"$id":"876","Liquid":"Email eq '{{Variables.ThisLead.Email}}'"}},{"$id":"877","name":"Skip","expressions":{"$id":"878"}},{"$id":"879","name":"Limit","expressions":{"$id":"880"}},{"$id":"881","name":"OrderBy","expressions":{"$id":"882"}}],"propertyStorageProviders":{"$id":"883"}},{"$id":"884","activityId":"57088a3a-9874-499c-aef0-76f9ff9573b4","type":"If","displayName":"If there is a contact record","x":2100,"y":700,"persistWorkflow":false,"loadWorkflowContext":false,"saveWorkflowContext":false,"properties":[{"$id":"885","name":"Condition","syntax":"JavaScript","expressions":{"$id":"886","JavaScript":"activities.GetContact.Output().count>0"}}],"propertyStorageProviders":{"$id":"887"}},{"$id":"888","activityId":"e61bdd38-210b-48ea-8033-b608778b741d","type":"SetVariable","displayName":"Set Variable","x":2460,"y":540,"persistWorkflow":false,"loadWorkflowContext":false,"saveWorkflowContext":false,"properties":[{"$id":"889","name":"VariableName","expressions":{"$id":"890","Literal":"NewContact"}},{"$id":"891","name":"Value","syntax":"JavaScript","expressions":{"$id":"892","JavaScript":"activities.GetContact.Output()[0]"}}],"propertyStorageProviders":{"$id":"893"}},{"$id":"894","activityId":"c8970741-4fe0-497e-99a8-88b6903cc527","type":"ObjectInstanceCreate","name":"CreateContact","displayName":"Create Contact Record","x":2540,"y":780,"persistWorkflow":false,"loadWorkflowContext":false,"saveWorkflowContext":false,"properties":[{"$id":"895","name":"ObjectType","expressions":{"$id":"896","Literal":"4"}},{"$id":"897","name":"Values","syntax":"JavaScript","expressions":{"$id":"898","JavaScript":"var result = {\r\n    \"FullName\": getVariable(\"ThisLead\").Fullname,\r\n    \"Email\": getVariable(\"ThisLead\").Email,\r\n    \"Phone\": getVariable(\"ThisLead\").Phone,\r\n    \"Company\": getVariable(\"NewCustomer\").ObjectId\r\n};\r\nreturn result;"}},{"$id":"899","name":"VariableName","expressions":{"$id":"900","Literal":"NewContact"}}],"propertyStorageProviders":{"$id":"901"}},{"$id":"902","activityId":"c4633581-e868-4c56-a978-bddb2e51d932","type":"ObjectInstanceCreate","name":"CreateOpportunityRecord","displayName":"Creates Opportunity Record","x":2440,"y":1000,"persistWorkflow":false,"loadWorkflowContext":false,"saveWorkflowContext":false,"properties":[{"$id":"903","name":"ObjectType","expressions":{"$id":"904","Literal":"5"}},{"$id":"905","name":"Values","syntax":"JavaScript","expressions":{"$id":"906","JavaScript":"var result = \r\n{\r\n    \"Title\": getVariable(\"ThisLead\").OpportunityName,\r\n    \"Customer\": getVariable(\"NewCustomer\").ObjectId,\r\n    \"Contact\": getVariable(\"NewContact\").ObjectId,\r\n    \"Value\": getVariable(\"ThisLead\").Value,\r\n    \"Status\": 5\r\n};\r\nreturn result;"}},{"$id":"907","name":"VariableName","expressions":{"$id":"908","Literal":"NewOpportunity"}}],"propertyStorageProviders":{"$id":"909"}},{"$id":"910","activityId":"36d4aa44-864c-43e0-9afe-360492531418","type":"ObjectInstanceUpdate","displayName":"Update Object Instance","x":2580,"y":1140,"persistWorkflow":false,"loadWorkflowContext":false,"saveWorkflowContext":false,"properties":[{"$id":"911","name":"InstanceId","syntax":"JavaScript","expressions":{"$id":"912","JavaScript":"getVariable(\"ThisLead\").ObjectId"}},{"$id":"913","name":"ClearOmittedFields","expressions":{"$id":"914"}},{"$id":"915","name":"Values","expressions":{"$id":"916","Json":"{\"Status\":\"4\"}"}},{"$id":"917","name":"VariableName","expressions":{"$id":"918","Literal":"UpdatedLead"}}],"propertyStorageProviders":{"$id":"919"}}],"connections":[{"$id":"920","sourceActivityId":"001f1dd0-2195-47ca-b08f-ad121e73e461","targetActivityId":"7f28ff04-3744-4c66-aabc-b405ac320d5c","outcome":"Done"},{"$id":"921","sourceActivityId":"7f28ff04-3744-4c66-aabc-b405ac320d5c","targetActivityId":"ab6e5093-7f1f-49cf-85e2-5eee09469ef8","outcome":"Done"},{"$id":"922","sourceActivityId":"ab6e5093-7f1f-49cf-85e2-5eee09469ef8","targetActivityId":"c642c879-390b-428d-a8b2-bf2aa5b3dd44","outcome":"Done"},{"$id":"923","sourceActivityId":"c642c879-390b-428d-a8b2-bf2aa5b3dd44","targetActivityId":"6ece91c8-e6fa-4e84-8fcf-f6f7e89a8423","outcome":"False"},{"$id":"924","sourceActivityId":"c642c879-390b-428d-a8b2-bf2aa5b3dd44","targetActivityId":"fe2f76b6-9aeb-4632-8bab-336e20281278","outcome":"True"},{"$id":"925","sourceActivityId":"fe2f76b6-9aeb-4632-8bab-336e20281278","targetActivityId":"4464f011-f6da-42fa-b6c6-19268bde14bb","outcome":"Done"},{"$id":"926","sourceActivityId":"6ece91c8-e6fa-4e84-8fcf-f6f7e89a8423","targetActivityId":"4464f011-f6da-42fa-b6c6-19268bde14bb","outcome":"Done"},{"$id":"927","sourceActivityId":"4464f011-f6da-42fa-b6c6-19268bde14bb","targetActivityId":"57088a3a-9874-499c-aef0-76f9ff9573b4","outcome":"Done"},{"$id":"928","sourceActivityId":"57088a3a-9874-499c-aef0-76f9ff9573b4","targetActivityId":"e61bdd38-210b-48ea-8033-b608778b741d","outcome":"True"},{"$id":"929","sourceActivityId":"57088a3a-9874-499c-aef0-76f9ff9573b4","targetActivityId":"c8970741-4fe0-497e-99a8-88b6903cc527","outcome":"False"},{"$id":"930","sourceActivityId":"e61bdd38-210b-48ea-8033-b608778b741d","targetActivityId":"c4633581-e868-4c56-a978-bddb2e51d932","outcome":"Done"},{"$id":"931","sourceActivityId":"c8970741-4fe0-497e-99a8-88b6903cc527","targetActivityId":"c4633581-e868-4c56-a978-bddb2e51d932","outcome":"Done"},{"$id":"932","sourceActivityId":"c4633581-e868-4c56-a978-bddb2e51d932","targetActivityId":"36d4aa44-864c-43e0-9afe-360492531418","outcome":"Done"}],"id":"2a55370ee92241e0b4aba41f40f58603"}