{"$id":"1","definitionId":"6fcc28fefc8747a4a8fd401b0f21f178","versionId":"8c1d893fd5e74413b9bcd41c1a0184db","displayName":"WorkflowsCRM","description":"SETUP_WorkflowsCRM","version":1,"variables":{"$id":"2","data":{}},"customAttributes":{"$id":"3","data":{}},"isSingleton":false,"persistenceBehavior":"WorkflowBurst","deleteCompletedInstances":false,"isPublished":true,"isLatest":true,"createdAt":"2023-10-03T04:33:31.1232216Z","activities":[{"$id":"4","activityId":"CreateType_Lead","type":"TypeCreate","name":"CreateType_Lead","displayName":"CreateType_Lead","description":"CreateType_Lead","x":275,"y":34,"persistWorkflow":false,"loadWorkflowContext":false,"saveWorkflowContext":false,"properties":[{"$id":"5","name":"TypeName","syntax":"Literal","expressions":{"$id":"6","Literal":"Lead"}},{"$id":"7","name":"TypeDescription","syntax":"Literal","expressions":{"$id":"8","Literal":"A Lead"}}],"propertyStorageProviders":{"$id":"9"}},{"$id":"10","activityId":"CreateCol_Lead_1","type":"TypeAddColumn","name":"CreateCol_Lead_Fullname","displayName":"CreateCol_Lead_Fullname","x":275,"y":281,"persistWorkflow":false,"loadWorkflowContext":false,"saveWorkflowContext":false,"properties":[{"$id":"11","name":"ObjectType","syntax":"JavaScript","expressions":{"$id":"12","JavaScript":"return \"Lead\";"}},{"$id":"13","name":"ColumnName","syntax":"Literal","expressions":{"$id":"14","Literal":"Fullname"}},{"$id":"15","name":"ColumnDisplayName","syntax":"Literal","expressions":{"$id":"16","Literal":"Full Name"}},{"$id":"17","name":"ColumnDescription","syntax":"Literal","expressions":{"$id":"18","Literal":"Full Name"}},{"$id":"19","name":"ColumnTypeId","syntax":"Literal","expressions":{"$id":"20","Literal":"6"}},{"$id":"21","name":"DisplayOrder","syntax":"Literal","expressions":{"$id":"22","Literal":"1"}},{"$id":"23","name":"Visible","syntax":"Literal","expressions":{"$id":"24","Literal":"True"}},{"$id":"25","name":"Indexed","syntax":"Literal","expressions":{"$id":"26","Literal":"False"}}],"propertyStorageProviders":{"$id":"27"}},{"$id":"28","activityId":"CreateCol_Lead_6","type":"TypeAddColumn","name":"CreateCol_Lead_Email","displayName":"CreateCol_Lead_Email","x":275,"y":529,"persistWorkflow":false,"loadWorkflowContext":false,"saveWorkflowContext":false,"properties":[{"$id":"29","name":"ObjectType","syntax":"JavaScript","expressions":{"$id":"30","JavaScript":"return \"Lead\";"}},{"$id":"31","name":"ColumnName","syntax":"Literal","expressions":{"$id":"32","Literal":"Email"}},{"$id":"33","name":"ColumnDisplayName","syntax":"Literal","expressions":{"$id":"34","Literal":"Email"}},{"$id":"35","name":"ColumnDescription","syntax":"Literal","expressions":{"$id":"36","Literal":"Email"}},{"$id":"37","name":"ColumnTypeId","syntax":"Literal","expressions":{"$id":"38","Literal":"6"}},{"$id":"39","name":"DisplayOrder","syntax":"Literal","expressions":{"$id":"40","Literal":"2"}},{"$id":"41","name":"Visible","syntax":"Literal","expressions":{"$id":"42","Literal":"True"}},{"$id":"43","name":"Indexed","syntax":"Literal","expressions":{"$id":"44","Literal":"False"}}],"propertyStorageProviders":{"$id":"45"}},{"$id":"46","activityId":"CreateCol_Lead_7","type":"TypeAddColumn","name":"CreateCol_Lead_Phone","displayName":"CreateCol_Lead_Phone","x":275,"y":777,"persistWorkflow":false,"loadWorkflowContext":false,"saveWorkflowContext":false,"properties":[{"$id":"47","name":"ObjectType","syntax":"JavaScript","expressions":{"$id":"48","JavaScript":"return \"Lead\";"}},{"$id":"49","name":"ColumnName","syntax":"Literal","expressions":{"$id":"50","Literal":"Phone"}},{"$id":"51","name":"ColumnDisplayName","syntax":"Literal","expressions":{"$id":"52","Literal":"Phone"}},{"$id":"53","name":"ColumnDescription","syntax":"Literal","expressions":{"$id":"54","Literal":"Phone"}},{"$id":"55","name":"ColumnTypeId","syntax":"Literal","expressions":{"$id":"56","Literal":"6"}},{"$id":"57","name":"DisplayOrder","syntax":"Literal","expressions":{"$id":"58","Literal":"3"}},{"$id":"59","name":"Visible","syntax":"Literal","expressions":{"$id":"60","Literal":"True"}},{"$id":"61","name":"Indexed","syntax":"Literal","expressions":{"$id":"62","Literal":"False"}}],"propertyStorageProviders":{"$id":"63"}},{"$id":"64","activityId":"CreateCol_Lead_8","type":"TypeAddColumn","name":"CreateCol_Lead_Company","displayName":"CreateCol_Lead_Company","x":275,"y":1024,"persistWorkflow":false,"loadWorkflowContext":false,"saveWorkflowContext":false,"properties":[{"$id":"65","name":"ObjectType","syntax":"JavaScript","expressions":{"$id":"66","JavaScript":"return \"Lead\";"}},{"$id":"67","name":"ColumnName","syntax":"Literal","expressions":{"$id":"68","Literal":"Company"}},{"$id":"69","name":"ColumnDisplayName","syntax":"Literal","expressions":{"$id":"70","Literal":"Company"}},{"$id":"71","name":"ColumnDescription","syntax":"Literal","expressions":{"$id":"72","Literal":"Company"}},{"$id":"73","name":"ColumnTypeId","syntax":"Literal","expressions":{"$id":"74","Literal":"6"}},{"$id":"75","name":"DisplayOrder","syntax":"Literal","expressions":{"$id":"76","Literal":"4"}},{"$id":"77","name":"Visible","syntax":"Literal","expressions":{"$id":"78","Literal":"True"}},{"$id":"79","name":"Indexed","syntax":"Literal","expressions":{"$id":"80","Literal":"False"}}],"propertyStorageProviders":{"$id":"81"}},{"$id":"82","activityId":"CreateCol_Lead_9","type":"TypeAddColumn","name":"CreateCol_Lead_OpportunityName","displayName":"CreateCol_Lead_OpportunityName","x":275,"y":1272,"persistWorkflow":false,"loadWorkflowContext":false,"saveWorkflowContext":false,"properties":[{"$id":"83","name":"ObjectType","syntax":"JavaScript","expressions":{"$id":"84","JavaScript":"return \"Lead\";"}},{"$id":"85","name":"ColumnName","syntax":"Literal","expressions":{"$id":"86","Literal":"OpportunityName"}},{"$id":"87","name":"ColumnDisplayName","syntax":"Literal","expressions":{"$id":"88","Literal":"OpportunityName"}},{"$id":"89","name":"ColumnDescription","syntax":"Literal","expressions":{"$id":"90","Literal":"OpportunityName"}},{"$id":"91","name":"ColumnTypeId","syntax":"Literal","expressions":{"$id":"92","Literal":"6"}},{"$id":"93","name":"DisplayOrder","syntax":"Literal","expressions":{"$id":"94","Literal":"5"}},{"$id":"95","name":"Visible","syntax":"Literal","expressions":{"$id":"96","Literal":"True"}},{"$id":"97","name":"Indexed","syntax":"Literal","expressions":{"$id":"98","Literal":"False"}}],"propertyStorageProviders":{"$id":"99"}},{"$id":"100","activityId":"CreateCol_Lead_10","type":"TypeAddColumn","name":"CreateCol_Lead_Value","displayName":"CreateCol_Lead_Value","x":275,"y":1519,"persistWorkflow":false,"loadWorkflowContext":false,"saveWorkflowContext":false,"properties":[{"$id":"101","name":"ObjectType","syntax":"JavaScript","expressions":{"$id":"102","JavaScript":"return \"Lead\";"}},{"$id":"103","name":"ColumnName","syntax":"Literal","expressions":{"$id":"104","Literal":"Value"}},{"$id":"105","name":"ColumnDisplayName","syntax":"Literal","expressions":{"$id":"106","Literal":"Value"}},{"$id":"107","name":"ColumnDescription","syntax":"Literal","expressions":{"$id":"108","Literal":"Value"}},{"$id":"109","name":"ColumnTypeId","syntax":"Literal","expressions":{"$id":"110","Literal":"3"}},{"$id":"111","name":"DisplayOrder","syntax":"Literal","expressions":{"$id":"112","Literal":"6"}},{"$id":"113","name":"Visible","syntax":"Literal","expressions":{"$id":"114","Literal":"True"}},{"$id":"115","name":"Indexed","syntax":"Literal","expressions":{"$id":"116","Literal":"False"}}],"propertyStorageProviders":{"$id":"117"}},{"$id":"118","activityId":"CreateCol_Lead_11","type":"TypeAddColumn","name":"CreateCol_Lead_EstClose","displayName":"CreateCol_Lead_EstClose","x":275,"y":1767,"persistWorkflow":false,"loadWorkflowContext":false,"saveWorkflowContext":false,"properties":[{"$id":"119","name":"ObjectType","syntax":"JavaScript","expressions":{"$id":"120","JavaScript":"return \"Lead\";"}},{"$id":"121","name":"ColumnName","syntax":"Literal","expressions":{"$id":"122","Literal":"EstClose"}},{"$id":"123","name":"ColumnDisplayName","syntax":"Literal","expressions":{"$id":"124","Literal":"Est. Close Date"}},{"$id":"125","name":"ColumnDescription","syntax":"Literal","expressions":{"$id":"126","Literal":"Est. Close Date"}},{"$id":"127","name":"ColumnTypeId","syntax":"Literal","expressions":{"$id":"128","Literal":"7"}},{"$id":"129","name":"DisplayOrder","syntax":"Literal","expressions":{"$id":"130","Literal":"7"}},{"$id":"131","name":"Visible","syntax":"Literal","expressions":{"$id":"132","Literal":"True"}},{"$id":"133","name":"Indexed","syntax":"Literal","expressions":{"$id":"134","Literal":"False"}}],"propertyStorageProviders":{"$id":"135"}},{"$id":"136","activityId":"CreateCol_Lead_12","type":"TypeAddColumn","name":"CreateCol_Lead_Status","displayName":"CreateCol_Lead_Status","x":275,"y":2015,"persistWorkflow":false,"loadWorkflowContext":false,"saveWorkflowContext":false,"properties":[{"$id":"137","name":"ObjectType","syntax":"JavaScript","expressions":{"$id":"138","JavaScript":"return \"Lead\";"}},{"$id":"139","name":"ColumnName","syntax":"Literal","expressions":{"$id":"140","Literal":"Status"}},{"$id":"141","name":"ColumnDisplayName","syntax":"Literal","expressions":{"$id":"142","Literal":"Status"}},{"$id":"143","name":"ColumnDescription","syntax":"Literal","expressions":{"$id":"144","Literal":"Status"}},{"$id":"145","name":"ColumnTypeId","syntax":"Literal","expressions":{"$id":"146","Literal":"1"}},{"$id":"147","name":"PrincipalType","syntax":"Literal","expressions":{"$id":"148","Literal":"2"}},{"$id":"149","name":"DisplayOrder","syntax":"Literal","expressions":{"$id":"150","Literal":"8"}},{"$id":"151","name":"Visible","syntax":"Literal","expressions":{"$id":"152","Literal":"True"}},{"$id":"153","name":"Indexed","syntax":"Literal","expressions":{"$id":"154","Literal":"False"}}],"propertyStorageProviders":{"$id":"155"}},{"$id":"156","activityId":"CreateType_LeadStatus","type":"TypeCreate","name":"CreateType_LeadStatus","displayName":"CreateType_LeadStatus","description":"CreateType_LeadStatus","x":275,"y":2262,"persistWorkflow":false,"loadWorkflowContext":false,"saveWorkflowContext":false,"properties":[{"$id":"157","name":"TypeName","syntax":"Literal","expressions":{"$id":"158","Literal":"LeadStatus"}},{"$id":"159","name":"TypeDescription","syntax":"Literal","expressions":{"$id":"160","Literal":"Lead Status"}}],"propertyStorageProviders":{"$id":"161"}},{"$id":"162","activityId":"CreateType_Customer","type":"TypeCreate","name":"CreateType_Customer","displayName":"CreateType_Customer","description":"CreateType_Customer","x":275,"y":2510,"persistWorkflow":false,"loadWorkflowContext":false,"saveWorkflowContext":false,"properties":[{"$id":"163","name":"TypeName","syntax":"Literal","expressions":{"$id":"164","Literal":"Customer"}},{"$id":"165","name":"TypeDescription","syntax":"Literal","expressions":{"$id":"166","Literal":"A Customer or Company"}}],"propertyStorageProviders":{"$id":"167"}},{"$id":"168","activityId":"CreateCol_Customer_13","type":"TypeAddColumn","name":"CreateCol_Customer_StreetAddress","displayName":"CreateCol_Customer_StreetAddress","x":275,"y":2757,"persistWorkflow":false,"loadWorkflowContext":false,"saveWorkflowContext":false,"properties":[{"$id":"169","name":"ObjectType","syntax":"JavaScript","expressions":{"$id":"170","JavaScript":"return \"Customer\";"}},{"$id":"171","name":"ColumnName","syntax":"Literal","expressions":{"$id":"172","Literal":"StreetAddress"}},{"$id":"173","name":"ColumnDisplayName","syntax":"Literal","expressions":{"$id":"174","Literal":"Street Address"}},{"$id":"175","name":"ColumnDescription","syntax":"Literal","expressions":{"$id":"176","Literal":"Street Address"}},{"$id":"177","name":"ColumnTypeId","syntax":"Literal","expressions":{"$id":"178","Literal":"6"}},{"$id":"179","name":"DisplayOrder","syntax":"Literal","expressions":{"$id":"180","Literal":"2"}},{"$id":"181","name":"Visible","syntax":"Literal","expressions":{"$id":"182","Literal":"True"}},{"$id":"183","name":"Indexed","syntax":"Literal","expressions":{"$id":"184","Literal":"False"}}],"propertyStorageProviders":{"$id":"185"}},{"$id":"186","activityId":"CreateCol_Customer_14","type":"TypeAddColumn","name":"CreateCol_Customer_City","displayName":"CreateCol_Customer_City","x":275,"y":3005,"persistWorkflow":false,"loadWorkflowContext":false,"saveWorkflowContext":false,"properties":[{"$id":"187","name":"ObjectType","syntax":"JavaScript","expressions":{"$id":"188","JavaScript":"return \"Customer\";"}},{"$id":"189","name":"ColumnName","syntax":"Literal","expressions":{"$id":"190","Literal":"City"}},{"$id":"191","name":"ColumnDisplayName","syntax":"Literal","expressions":{"$id":"192","Literal":"City"}},{"$id":"193","name":"ColumnDescription","syntax":"Literal","expressions":{"$id":"194","Literal":"City"}},{"$id":"195","name":"ColumnTypeId","syntax":"Literal","expressions":{"$id":"196","Literal":"6"}},{"$id":"197","name":"DisplayOrder","syntax":"Literal","expressions":{"$id":"198","Literal":"3"}},{"$id":"199","name":"Visible","syntax":"Literal","expressions":{"$id":"200","Literal":"True"}},{"$id":"201","name":"Indexed","syntax":"Literal","expressions":{"$id":"202","Literal":"False"}}],"propertyStorageProviders":{"$id":"203"}},{"$id":"204","activityId":"CreateCol_Customer_15","type":"TypeAddColumn","name":"CreateCol_Customer_State","displayName":"CreateCol_Customer_State","x":275,"y":3253,"persistWorkflow":false,"loadWorkflowContext":false,"saveWorkflowContext":false,"properties":[{"$id":"205","name":"ObjectType","syntax":"JavaScript","expressions":{"$id":"206","JavaScript":"return \"Customer\";"}},{"$id":"207","name":"ColumnName","syntax":"Literal","expressions":{"$id":"208","Literal":"State"}},{"$id":"209","name":"ColumnDisplayName","syntax":"Literal","expressions":{"$id":"210","Literal":"State"}},{"$id":"211","name":"ColumnDescription","syntax":"Literal","expressions":{"$id":"212","Literal":"State"}},{"$id":"213","name":"ColumnTypeId","syntax":"Literal","expressions":{"$id":"214","Literal":"6"}},{"$id":"215","name":"DisplayOrder","syntax":"Literal","expressions":{"$id":"216","Literal":"4"}},{"$id":"217","name":"Visible","syntax":"Literal","expressions":{"$id":"218","Literal":"True"}},{"$id":"219","name":"Indexed","syntax":"Literal","expressions":{"$id":"220","Literal":"False"}}],"propertyStorageProviders":{"$id":"221"}},{"$id":"222","activityId":"CreateCol_Customer_16","type":"TypeAddColumn","name":"CreateCol_Customer_Website","displayName":"CreateCol_Customer_Website","x":275,"y":3500,"persistWorkflow":false,"loadWorkflowContext":false,"saveWorkflowContext":false,"properties":[{"$id":"223","name":"ObjectType","syntax":"JavaScript","expressions":{"$id":"224","JavaScript":"return \"Customer\";"}},{"$id":"225","name":"ColumnName","syntax":"Literal","expressions":{"$id":"226","Literal":"Website"}},{"$id":"227","name":"ColumnDisplayName","syntax":"Literal","expressions":{"$id":"228","Literal":"Website"}},{"$id":"229","name":"ColumnDescription","syntax":"Literal","expressions":{"$id":"230","Literal":"Website"}},{"$id":"231","name":"ColumnTypeId","syntax":"Literal","expressions":{"$id":"232","Literal":"6"}},{"$id":"233","name":"DisplayOrder","syntax":"Literal","expressions":{"$id":"234","Literal":"5"}},{"$id":"235","name":"Visible","syntax":"Literal","expressions":{"$id":"236","Literal":"True"}},{"$id":"237","name":"Indexed","syntax":"Literal","expressions":{"$id":"238","Literal":"False"}}],"propertyStorageProviders":{"$id":"239"}},{"$id":"240","activityId":"CreateCol_Customer_17","type":"TypeAddColumn","name":"CreateCol_Customer_PrimaryContact","displayName":"CreateCol_Customer_PrimaryContact","x":275,"y":3748,"persistWorkflow":false,"loadWorkflowContext":false,"saveWorkflowContext":false,"properties":[{"$id":"241","name":"ObjectType","syntax":"JavaScript","expressions":{"$id":"242","JavaScript":"return \"Customer\";"}},{"$id":"243","name":"ColumnName","syntax":"Literal","expressions":{"$id":"244","Literal":"PrimaryContact"}},{"$id":"245","name":"ColumnDisplayName","syntax":"Literal","expressions":{"$id":"246","Literal":"Primary Contact"}},{"$id":"247","name":"ColumnDescription","syntax":"Literal","expressions":{"$id":"248","Literal":"Primary Contact"}},{"$id":"249","name":"ColumnTypeId","syntax":"Literal","expressions":{"$id":"250","Literal":"1"}},{"$id":"251","name":"PrincipalType","syntax":"Literal","expressions":{"$id":"252","Literal":"4"}},{"$id":"253","name":"DisplayOrder","syntax":"Literal","expressions":{"$id":"254","Literal":"6"}},{"$id":"255","name":"Visible","syntax":"Literal","expressions":{"$id":"256","Literal":"True"}},{"$id":"257","name":"Indexed","syntax":"Literal","expressions":{"$id":"258","Literal":"False"}}],"propertyStorageProviders":{"$id":"259"}},{"$id":"260","activityId":"CreateType_Contact","type":"TypeCreate","name":"CreateType_Contact","displayName":"CreateType_Contact","description":"CreateType_Contact","x":275,"y":3995,"persistWorkflow":false,"loadWorkflowContext":false,"saveWorkflowContext":false,"properties":[{"$id":"261","name":"TypeName","syntax":"Literal","expressions":{"$id":"262","Literal":"Contact"}},{"$id":"263","name":"TypeDescription","syntax":"Literal","expressions":{"$id":"264","Literal":"A Person"}}],"propertyStorageProviders":{"$id":"265"}},{"$id":"266","activityId":"CreateCol_Contact_4","type":"TypeAddColumn","name":"CreateCol_Contact_FullName","displayName":"CreateCol_Contact_FullName","x":275,"y":4243,"persistWorkflow":false,"loadWorkflowContext":false,"saveWorkflowContext":false,"properties":[{"$id":"267","name":"ObjectType","syntax":"JavaScript","expressions":{"$id":"268","JavaScript":"return \"Contact\";"}},{"$id":"269","name":"ColumnName","syntax":"Literal","expressions":{"$id":"270","Literal":"FullName"}},{"$id":"271","name":"ColumnDisplayName","syntax":"Literal","expressions":{"$id":"272","Literal":"Full Name"}},{"$id":"273","name":"ColumnDescription","syntax":"Literal","expressions":{"$id":"274","Literal":"Full Name"}},{"$id":"275","name":"ColumnTypeId","syntax":"Literal","expressions":{"$id":"276","Literal":"6"}},{"$id":"277","name":"DisplayOrder","syntax":"Literal","expressions":{"$id":"278","Literal":"1"}},{"$id":"279","name":"Visible","syntax":"Literal","expressions":{"$id":"280","Literal":"True"}},{"$id":"281","name":"Indexed","syntax":"Literal","expressions":{"$id":"282","Literal":"False"}}],"propertyStorageProviders":{"$id":"283"}},{"$id":"284","activityId":"CreateCol_Contact_18","type":"TypeAddColumn","name":"CreateCol_Contact_Email","displayName":"CreateCol_Contact_Email","x":275,"y":4491,"persistWorkflow":false,"loadWorkflowContext":false,"saveWorkflowContext":false,"properties":[{"$id":"285","name":"ObjectType","syntax":"JavaScript","expressions":{"$id":"286","JavaScript":"return \"Contact\";"}},{"$id":"287","name":"ColumnName","syntax":"Literal","expressions":{"$id":"288","Literal":"Email"}},{"$id":"289","name":"ColumnDisplayName","syntax":"Literal","expressions":{"$id":"290","Literal":"Email"}},{"$id":"291","name":"ColumnDescription","syntax":"Literal","expressions":{"$id":"292","Literal":"Email"}},{"$id":"293","name":"ColumnTypeId","syntax":"Literal","expressions":{"$id":"294","Literal":"6"}},{"$id":"295","name":"DisplayOrder","syntax":"Literal","expressions":{"$id":"296","Literal":"2"}},{"$id":"297","name":"Visible","syntax":"Literal","expressions":{"$id":"298","Literal":"True"}},{"$id":"299","name":"Indexed","syntax":"Literal","expressions":{"$id":"300","Literal":"False"}}],"propertyStorageProviders":{"$id":"301"}},{"$id":"302","activityId":"CreateCol_Contact_19","type":"TypeAddColumn","name":"CreateCol_Contact_Phone","displayName":"CreateCol_Contact_Phone","x":275,"y":4738,"persistWorkflow":false,"loadWorkflowContext":false,"saveWorkflowContext":false,"properties":[{"$id":"303","name":"ObjectType","syntax":"JavaScript","expressions":{"$id":"304","JavaScript":"return \"Contact\";"}},{"$id":"305","name":"ColumnName","syntax":"Literal","expressions":{"$id":"306","Literal":"Phone"}},{"$id":"307","name":"ColumnDisplayName","syntax":"Literal","expressions":{"$id":"308","Literal":"Phone"}},{"$id":"309","name":"ColumnDescription","syntax":"Literal","expressions":{"$id":"310","Literal":"Phone"}},{"$id":"311","name":"ColumnTypeId","syntax":"Literal","expressions":{"$id":"312","Literal":"6"}},{"$id":"313","name":"DisplayOrder","syntax":"Literal","expressions":{"$id":"314","Literal":"3"}},{"$id":"315","name":"Visible","syntax":"Literal","expressions":{"$id":"316","Literal":"True"}},{"$id":"317","name":"Indexed","syntax":"Literal","expressions":{"$id":"318","Literal":"False"}}],"propertyStorageProviders":{"$id":"319"}},{"$id":"320","activityId":"CreateCol_Contact_20","type":"TypeAddColumn","name":"CreateCol_Contact_Company","displayName":"CreateCol_Contact_Company","x":275,"y":4986,"persistWorkflow":false,"loadWorkflowContext":false,"saveWorkflowContext":false,"properties":[{"$id":"321","name":"ObjectType","syntax":"JavaScript","expressions":{"$id":"322","JavaScript":"return \"Contact\";"}},{"$id":"323","name":"ColumnName","syntax":"Literal","expressions":{"$id":"324","Literal":"Company"}},{"$id":"325","name":"ColumnDisplayName","syntax":"Literal","expressions":{"$id":"326","Literal":"Company"}},{"$id":"327","name":"ColumnDescription","syntax":"Literal","expressions":{"$id":"328","Literal":"Company"}},{"$id":"329","name":"ColumnTypeId","syntax":"Literal","expressions":{"$id":"330","Literal":"1"}},{"$id":"331","name":"PrincipalType","syntax":"Literal","expressions":{"$id":"332","Literal":"3"}},{"$id":"333","name":"DisplayOrder","syntax":"Literal","expressions":{"$id":"334","Literal":"4"}},{"$id":"335","name":"Visible","syntax":"Literal","expressions":{"$id":"336","Literal":"True"}},{"$id":"337","name":"Indexed","syntax":"Literal","expressions":{"$id":"338","Literal":"False"}}],"propertyStorageProviders":{"$id":"339"}},{"$id":"340","activityId":"CreateType_Opportunity","type":"TypeCreate","name":"CreateType_Opportunity","displayName":"CreateType_Opportunity","description":"CreateType_Opportunity","x":275,"y":5233,"persistWorkflow":false,"loadWorkflowContext":false,"saveWorkflowContext":false,"properties":[{"$id":"341","name":"TypeName","syntax":"Literal","expressions":{"$id":"342","Literal":"Opportunity"}},{"$id":"343","name":"TypeDescription","syntax":"Literal","expressions":{"$id":"344","Literal":"An Opportunity"}}],"propertyStorageProviders":{"$id":"345"}},{"$id":"346","activityId":"CreateCol_Opportunity_21","type":"TypeAddColumn","name":"CreateCol_Opportunity_Customer","displayName":"CreateCol_Opportunity_Customer","x":275,"y":5481,"persistWorkflow":false,"loadWorkflowContext":false,"saveWorkflowContext":false,"properties":[{"$id":"347","name":"ObjectType","syntax":"JavaScript","expressions":{"$id":"348","JavaScript":"return \"Opportunity\";"}},{"$id":"349","name":"ColumnName","syntax":"Literal","expressions":{"$id":"350","Literal":"Customer"}},{"$id":"351","name":"ColumnDisplayName","syntax":"Literal","expressions":{"$id":"352","Literal":"Customer"}},{"$id":"353","name":"ColumnDescription","syntax":"Literal","expressions":{"$id":"354","Literal":"Customer"}},{"$id":"355","name":"ColumnTypeId","syntax":"Literal","expressions":{"$id":"356","Literal":"1"}},{"$id":"357","name":"PrincipalType","syntax":"Literal","expressions":{"$id":"358","Literal":"3"}},{"$id":"359","name":"DisplayOrder","syntax":"Literal","expressions":{"$id":"360","Literal":"2"}},{"$id":"361","name":"Visible","syntax":"Literal","expressions":{"$id":"362","Literal":"True"}},{"$id":"363","name":"Indexed","syntax":"Literal","expressions":{"$id":"364","Literal":"False"}}],"propertyStorageProviders":{"$id":"365"}},{"$id":"366","activityId":"CreateCol_Opportunity_23","type":"TypeAddColumn","name":"CreateCol_Opportunity_Description","displayName":"CreateCol_Opportunity_Description","x":275,"y":5729,"persistWorkflow":false,"loadWorkflowContext":false,"saveWorkflowContext":false,"properties":[{"$id":"367","name":"ObjectType","syntax":"JavaScript","expressions":{"$id":"368","JavaScript":"return \"Opportunity\";"}},{"$id":"369","name":"ColumnName","syntax":"Literal","expressions":{"$id":"370","Literal":"Description"}},{"$id":"371","name":"ColumnDisplayName","syntax":"Literal","expressions":{"$id":"372","Literal":"Description"}},{"$id":"373","name":"ColumnDescription","syntax":"Literal","expressions":{"$id":"374","Literal":"Description"}},{"$id":"375","name":"ColumnTypeId","syntax":"Literal","expressions":{"$id":"376","Literal":"6"}},{"$id":"377","name":"DisplayOrder","syntax":"Literal","expressions":{"$id":"378","Literal":"4"}},{"$id":"379","name":"Visible","syntax":"Literal","expressions":{"$id":"380","Literal":"True"}},{"$id":"381","name":"Indexed","syntax":"Literal","expressions":{"$id":"382","Literal":"False"}}],"propertyStorageProviders":{"$id":"383"}},{"$id":"384","activityId":"CreateCol_Opportunity_24","type":"TypeAddColumn","name":"CreateCol_Opportunity_Value","displayName":"CreateCol_Opportunity_Value","x":275,"y":5976,"persistWorkflow":false,"loadWorkflowContext":false,"saveWorkflowContext":false,"properties":[{"$id":"385","name":"ObjectType","syntax":"JavaScript","expressions":{"$id":"386","JavaScript":"return \"Opportunity\";"}},{"$id":"387","name":"ColumnName","syntax":"Literal","expressions":{"$id":"388","Literal":"Value"}},{"$id":"389","name":"ColumnDisplayName","syntax":"Literal","expressions":{"$id":"390","Literal":"Value"}},{"$id":"391","name":"ColumnDescription","syntax":"Literal","expressions":{"$id":"392","Literal":"Value"}},{"$id":"393","name":"ColumnTypeId","syntax":"Literal","expressions":{"$id":"394","Literal":"3"}},{"$id":"395","name":"DisplayOrder","syntax":"Literal","expressions":{"$id":"396","Literal":"5"}},{"$id":"397","name":"Visible","syntax":"Literal","expressions":{"$id":"398","Literal":"True"}},{"$id":"399","name":"Indexed","syntax":"Literal","expressions":{"$id":"400","Literal":"False"}}],"propertyStorageProviders":{"$id":"401"}},{"$id":"402","activityId":"CreateCol_Opportunity_26","type":"TypeAddColumn","name":"CreateCol_Opportunity_Status","displayName":"CreateCol_Opportunity_Status","x":275,"y":6224,"persistWorkflow":false,"loadWorkflowContext":false,"saveWorkflowContext":false,"properties":[{"$id":"403","name":"ObjectType","syntax":"JavaScript","expressions":{"$id":"404","JavaScript":"return \"Opportunity\";"}},{"$id":"405","name":"ColumnName","syntax":"Literal","expressions":{"$id":"406","Literal":"Status"}},{"$id":"407","name":"ColumnDisplayName","syntax":"Literal","expressions":{"$id":"408","Literal":"Status"}},{"$id":"409","name":"ColumnDescription","syntax":"Literal","expressions":{"$id":"410","Literal":"Status"}},{"$id":"411","name":"ColumnTypeId","syntax":"Literal","expressions":{"$id":"412","Literal":"1"}},{"$id":"413","name":"PrincipalType","syntax":"Literal","expressions":{"$id":"414","Literal":"6"}},{"$id":"415","name":"DisplayOrder","syntax":"Literal","expressions":{"$id":"416","Literal":"6"}},{"$id":"417","name":"Visible","syntax":"Literal","expressions":{"$id":"418","Literal":"True"}},{"$id":"419","name":"Indexed","syntax":"Literal","expressions":{"$id":"420","Literal":"False"}}],"propertyStorageProviders":{"$id":"421"}},{"$id":"422","activityId":"CreateCol_Opportunity_27","type":"TypeAddColumn","name":"CreateCol_Opportunity_InitialLead","displayName":"CreateCol_Opportunity_InitialLead","x":275,"y":6471,"persistWorkflow":false,"loadWorkflowContext":false,"saveWorkflowContext":false,"properties":[{"$id":"423","name":"ObjectType","syntax":"JavaScript","expressions":{"$id":"424","JavaScript":"return \"Opportunity\";"}},{"$id":"425","name":"ColumnName","syntax":"Literal","expressions":{"$id":"426","Literal":"InitialLead"}},{"$id":"427","name":"ColumnDisplayName","syntax":"Literal","expressions":{"$id":"428","Literal":"InitialLead"}},{"$id":"429","name":"ColumnDescription","syntax":"Literal","expressions":{"$id":"430","Literal":"InitialLead"}},{"$id":"431","name":"ColumnTypeId","syntax":"Literal","expressions":{"$id":"432","Literal":"1"}},{"$id":"433","name":"PrincipalType","syntax":"Literal","expressions":{"$id":"434","Literal":"1"}},{"$id":"435","name":"DisplayOrder","syntax":"Literal","expressions":{"$id":"436","Literal":"7"}},{"$id":"437","name":"Visible","syntax":"Literal","expressions":{"$id":"438","Literal":"True"}},{"$id":"439","name":"Indexed","syntax":"Literal","expressions":{"$id":"440","Literal":"False"}}],"propertyStorageProviders":{"$id":"441"}},{"$id":"442","activityId":"CreateCol_Opportunity_28","type":"TypeAddColumn","name":"CreateCol_Opportunity_Contact","displayName":"CreateCol_Opportunity_Contact","x":275,"y":6719,"persistWorkflow":false,"loadWorkflowContext":false,"saveWorkflowContext":false,"properties":[{"$id":"443","name":"ObjectType","syntax":"JavaScript","expressions":{"$id":"444","JavaScript":"return \"Opportunity\";"}},{"$id":"445","name":"ColumnName","syntax":"Literal","expressions":{"$id":"446","Literal":"Contact"}},{"$id":"447","name":"ColumnDisplayName","syntax":"Literal","expressions":{"$id":"448","Literal":"Contact"}},{"$id":"449","name":"ColumnDescription","syntax":"Literal","expressions":{"$id":"450","Literal":"Contact"}},{"$id":"451","name":"ColumnTypeId","syntax":"Literal","expressions":{"$id":"452","Literal":"1"}},{"$id":"453","name":"PrincipalType","syntax":"Literal","expressions":{"$id":"454","Literal":"4"}},{"$id":"455","name":"DisplayOrder","syntax":"Literal","expressions":{"$id":"456","Literal":"3"}},{"$id":"457","name":"Visible","syntax":"Literal","expressions":{"$id":"458","Literal":"True"}},{"$id":"459","name":"Indexed","syntax":"Literal","expressions":{"$id":"460","Literal":"False"}}],"propertyStorageProviders":{"$id":"461"}},{"$id":"462","activityId":"CreateType_OpportunityStatus","type":"TypeCreate","name":"CreateType_OpportunityStatus","displayName":"CreateType_OpportunityStatus","description":"CreateType_OpportunityStatus","x":275,"y":6967,"persistWorkflow":false,"loadWorkflowContext":false,"saveWorkflowContext":false,"properties":[{"$id":"463","name":"TypeName","syntax":"Literal","expressions":{"$id":"464","Literal":"OpportunityStatus"}},{"$id":"465","name":"TypeDescription","syntax":"Literal","expressions":{"$id":"466","Literal":"The Status of an Opportunity"}}],"propertyStorageProviders":{"$id":"467"}},{"$id":"468","activityId":"d980303d-53e3-4296-b61c-772a1acab544","type":"ViewsAdd","name":"CreateView_Customers","displayName":"CreateView_Customers","description":"CreateView_Customers","x":275,"y":7214,"persistWorkflow":false,"loadWorkflowContext":false,"saveWorkflowContext":false,"properties":[{"$id":"469","name":"ViewName","syntax":"Literal","expressions":{"$id":"470","Literal":"Customers"}},{"$id":"471","name":"ObjectType","syntax":"JavaScript","expressions":{"$id":"472","JavaScript":"return \"Customer\";"}},{"$id":"473","name":"ViewDescription","syntax":"Literal","expressions":{"$id":"474","Literal":"All Customers"}},{"$id":"475","name":"Query","syntax":"Literal","expressions":{"$id":"476","Literal":""}},{"$id":"477","name":"Orderings","syntax":"JavaScript","expressions":{"$id":"478","JavaScript":"[]"}},{"$id":"479","name":"Projection","syntax":"JavaScript","expressions":{"$id":"480","JavaScript":"[{columnId: activities.CreateCol_Customer_City.ColumnId()},{columnId: activities.CreateCol_Customer_Website.ColumnId()},{columnId: activities.CreateCol_Customer_PrimaryContact.ColumnId()},]"}}],"propertyStorageProviders":{"$id":"481"}},{"$id":"482","activityId":"c81fe2b2-0cce-4174-80dc-a749739462d8","type":"ViewsAdd","name":"CreateView_Leads","displayName":"CreateView_Leads","description":"CreateView_Leads","x":275,"y":7462,"persistWorkflow":false,"loadWorkflowContext":false,"saveWorkflowContext":false,"properties":[{"$id":"483","name":"ViewName","syntax":"Literal","expressions":{"$id":"484","Literal":"Leads"}},{"$id":"485","name":"ObjectType","syntax":"JavaScript","expressions":{"$id":"486","JavaScript":"return \"Lead\";"}},{"$id":"487","name":"ViewDescription","syntax":"Literal","expressions":{"$id":"488","Literal":"All Open Leads"}},{"$id":"489","name":"Query","syntax":"Literal","expressions":{"$id":"490","Literal":"Status==\"1\" || Status ==\"2\""}},{"$id":"491","name":"Orderings","syntax":"JavaScript","expressions":{"$id":"492","JavaScript":"[{columnId: activities.CreateCol_Lead_Fullname.ColumnId(), direction: 'Ascending'},]"}},{"$id":"493","name":"Projection","syntax":"JavaScript","expressions":{"$id":"494","JavaScript":"[{columnId: activities.CreateCol_Lead_Fullname.ColumnId()},{columnId: activities.CreateCol_Lead_Company.ColumnId()},{columnId: activities.CreateCol_Lead_OpportunityName.ColumnId()},{columnId: activities.CreateCol_Lead_Value.ColumnId()},{columnId: activities.CreateCol_Lead_EstClose.ColumnId()},{columnId: activities.CreateCol_Lead_Status.ColumnId()},]"}}],"propertyStorageProviders":{"$id":"495"}},{"$id":"496","activityId":"0125ada7-730e-476a-bbac-5d4a5e8ba8a5","type":"ViewsAdd","name":"CreateView_New Leads","displayName":"CreateView_New Leads","description":"CreateView_New Leads","x":275,"y":7709,"persistWorkflow":false,"loadWorkflowContext":false,"saveWorkflowContext":false,"properties":[{"$id":"497","name":"ViewName","syntax":"Literal","expressions":{"$id":"498","Literal":"New Leads"}},{"$id":"499","name":"ObjectType","syntax":"JavaScript","expressions":{"$id":"500","JavaScript":"return \"Lead\";"}},{"$id":"501","name":"ViewDescription","syntax":"Literal","expressions":{"$id":"502","Literal":"All New Leads"}},{"$id":"503","name":"Query","syntax":"Literal","expressions":{"$id":"504","Literal":"Status==\"1\""}},{"$id":"505","name":"Orderings","syntax":"JavaScript","expressions":{"$id":"506","JavaScript":"[{columnId: activities.CreateCol_Lead_EstClose.ColumnId(), direction: 'Ascending'},]"}},{"$id":"507","name":"Projection","syntax":"JavaScript","expressions":{"$id":"508","JavaScript":"[{columnId: activities.CreateCol_Lead_Fullname.ColumnId()},{columnId: activities.CreateCol_Lead_Company.ColumnId()},{columnId: activities.CreateCol_Lead_OpportunityName.ColumnId()},{columnId: activities.CreateCol_Lead_Value.ColumnId()},{columnId: activities.CreateCol_Lead_EstClose.ColumnId()},]"}}],"propertyStorageProviders":{"$id":"509"}},{"$id":"510","activityId":"3f0f3e8e-2286-4299-8f7e-0654e4e76ade","type":"ViewsAdd","name":"CreateView_Opportunities","displayName":"CreateView_Opportunities","description":"CreateView_Opportunities","x":275,"y":7957,"persistWorkflow":false,"loadWorkflowContext":false,"saveWorkflowContext":false,"properties":[{"$id":"511","name":"ViewName","syntax":"Literal","expressions":{"$id":"512","Literal":"Opportunities"}},{"$id":"513","name":"ObjectType","syntax":"JavaScript","expressions":{"$id":"514","JavaScript":"return \"Opportunity\";"}},{"$id":"515","name":"ViewDescription","syntax":"Literal","expressions":{"$id":"516","Literal":"All Open Opportunities"}},{"$id":"517","name":"Query","syntax":"Literal","expressions":{"$id":"518","Literal":"Status ==\"5\" || Status ==\"6\" || Status==\"7\""}},{"$id":"519","name":"Orderings","syntax":"JavaScript","expressions":{"$id":"520","JavaScript":"[]"}},{"$id":"521","name":"Projection","syntax":"JavaScript","expressions":{"$id":"522","JavaScript":"[{columnId: activities.CreateCol_Opportunity_Customer.ColumnId()},{columnId: activities.CreateCol_Opportunity_Contact.ColumnId()},{columnId: activities.CreateCol_Opportunity_Description.ColumnId()},{columnId: activities.CreateCol_Opportunity_Value.ColumnId()},{columnId: activities.CreateCol_Opportunity_Status.ColumnId()},]"}}],"propertyStorageProviders":{"$id":"523"}},{"$id":"524","activityId":"5d927103-20b6-4999-ab2a-f5e4239fb5c3","type":"ViewsAdd","name":"CreateView_Contacts","displayName":"CreateView_Contacts","description":"CreateView_Contacts","x":275,"y":8205,"persistWorkflow":false,"loadWorkflowContext":false,"saveWorkflowContext":false,"properties":[{"$id":"525","name":"ViewName","syntax":"Literal","expressions":{"$id":"526","Literal":"Contacts"}},{"$id":"527","name":"ObjectType","syntax":"JavaScript","expressions":{"$id":"528","JavaScript":"return \"Contact\";"}},{"$id":"529","name":"ViewDescription","syntax":"Literal","expressions":{"$id":"530","Literal":"All Contacts"}},{"$id":"531","name":"Query","syntax":"Literal","expressions":{"$id":"532","Literal":""}},{"$id":"533","name":"Orderings","syntax":"JavaScript","expressions":{"$id":"534","JavaScript":"[]"}},{"$id":"535","name":"Projection","syntax":"JavaScript","expressions":{"$id":"536","JavaScript":"[{columnId: activities.CreateCol_Contact_FullName.ColumnId()},{columnId: activities.CreateCol_Contact_Email.ColumnId()},{columnId: activities.CreateCol_Contact_Phone.ColumnId()},{columnId: activities.CreateCol_Contact_Company.ColumnId()},]"}}],"propertyStorageProviders":{"$id":"537"}},{"$id":"538","activityId":"c4140b05-b98d-4112-8548-d339b5c4a59c","type":"ViewsAdd","name":"CreateView_In Progress Leads","displayName":"CreateView_In Progress Leads","description":"CreateView_In Progress Leads","x":275,"y":8452,"persistWorkflow":false,"loadWorkflowContext":false,"saveWorkflowContext":false,"properties":[{"$id":"539","name":"ViewName","syntax":"Literal","expressions":{"$id":"540","Literal":"In Progress Leads"}},{"$id":"541","name":"ObjectType","syntax":"JavaScript","expressions":{"$id":"542","JavaScript":"return \"Lead\";"}},{"$id":"543","name":"ViewDescription","syntax":"Literal","expressions":{"$id":"544","Literal":"All In Progress Leads"}},{"$id":"545","name":"Query","syntax":"Literal","expressions":{"$id":"546","Literal":"Status==\"2\""}},{"$id":"547","name":"Orderings","syntax":"JavaScript","expressions":{"$id":"548","JavaScript":"[]"}},{"$id":"549","name":"Projection","syntax":"JavaScript","expressions":{"$id":"550","JavaScript":"[{columnId: activities.CreateCol_Lead_Fullname.ColumnId()},{columnId: activities.CreateCol_Lead_Company.ColumnId()},{columnId: activities.CreateCol_Lead_OpportunityName.ColumnId()},{columnId: activities.CreateCol_Lead_Value.ColumnId()},{columnId: activities.CreateCol_Lead_EstClose.ColumnId()},]"}}],"propertyStorageProviders":{"$id":"551"}},{"$id":"552","activityId":"426608a9-a69d-4502-8f05-198ceb52f164","type":"ViewsAdd","name":"CreateView_Lost Leads","displayName":"CreateView_Lost Leads","description":"CreateView_Lost Leads","x":275,"y":8700,"persistWorkflow":false,"loadWorkflowContext":false,"saveWorkflowContext":false,"properties":[{"$id":"553","name":"ViewName","syntax":"Literal","expressions":{"$id":"554","Literal":"Lost Leads"}},{"$id":"555","name":"ObjectType","syntax":"JavaScript","expressions":{"$id":"556","JavaScript":"return \"Lead\";"}},{"$id":"557","name":"ViewDescription","syntax":"Literal","expressions":{"$id":"558","Literal":"All Lost Leads"}},{"$id":"559","name":"Query","syntax":"Literal","expressions":{"$id":"560","Literal":"Status==\"3\""}},{"$id":"561","name":"Orderings","syntax":"JavaScript","expressions":{"$id":"562","JavaScript":"[]"}},{"$id":"563","name":"Projection","syntax":"JavaScript","expressions":{"$id":"564","JavaScript":"[{columnId: activities.CreateCol_Lead_Fullname.ColumnId()},{columnId: activities.CreateCol_Lead_Company.ColumnId()},{columnId: activities.CreateCol_Lead_OpportunityName.ColumnId()},{columnId: activities.CreateCol_Lead_Value.ColumnId()},{columnId: activities.CreateCol_Lead_EstClose.ColumnId()},]"}}],"propertyStorageProviders":{"$id":"565"}},{"$id":"566","activityId":"55199d41-8161-49b9-9d40-ec83e35a562c","type":"ViewsAdd","name":"CreateView_Qualified Leads","displayName":"CreateView_Qualified Leads","description":"CreateView_Qualified Leads","x":275,"y":8947,"persistWorkflow":false,"loadWorkflowContext":false,"saveWorkflowContext":false,"properties":[{"$id":"567","name":"ViewName","syntax":"Literal","expressions":{"$id":"568","Literal":"Qualified Leads"}},{"$id":"569","name":"ObjectType","syntax":"JavaScript","expressions":{"$id":"570","JavaScript":"return \"Lead\";"}},{"$id":"571","name":"ViewDescription","syntax":"Literal","expressions":{"$id":"572","Literal":"All Qualified Leads"}},{"$id":"573","name":"Query","syntax":"Literal","expressions":{"$id":"574","Literal":"Status==\"4\""}},{"$id":"575","name":"Orderings","syntax":"JavaScript","expressions":{"$id":"576","JavaScript":"[]"}},{"$id":"577","name":"Projection","syntax":"JavaScript","expressions":{"$id":"578","JavaScript":"[{columnId: activities.CreateCol_Lead_Fullname.ColumnId()},{columnId: activities.CreateCol_Lead_Company.ColumnId()},{columnId: activities.CreateCol_Lead_OpportunityName.ColumnId()},{columnId: activities.CreateCol_Lead_Value.ColumnId()},{columnId: activities.CreateCol_Lead_EstClose.ColumnId()},]"}}],"propertyStorageProviders":{"$id":"579"}},{"$id":"580","activityId":"e0bd68f2-ea32-43fe-8bc9-2e0340c3b0fb","type":"ViewsAdd","name":"CreateView_New Opportunities","displayName":"CreateView_New Opportunities","description":"CreateView_New Opportunities","x":275,"y":9195,"persistWorkflow":false,"loadWorkflowContext":false,"saveWorkflowContext":false,"properties":[{"$id":"581","name":"ViewName","syntax":"Literal","expressions":{"$id":"582","Literal":"New Opportunities"}},{"$id":"583","name":"ObjectType","syntax":"JavaScript","expressions":{"$id":"584","JavaScript":"return \"Opportunity\";"}},{"$id":"585","name":"ViewDescription","syntax":"Literal","expressions":{"$id":"586","Literal":"All New Opportunities"}},{"$id":"587","name":"Query","syntax":"Literal","expressions":{"$id":"588","Literal":"Status==\"5\""}},{"$id":"589","name":"Orderings","syntax":"JavaScript","expressions":{"$id":"590","JavaScript":"[]"}},{"$id":"591","name":"Projection","syntax":"JavaScript","expressions":{"$id":"592","JavaScript":"[{columnId: activities.CreateCol_Opportunity_Customer.ColumnId()},{columnId: activities.CreateCol_Opportunity_Contact.ColumnId()},{columnId: activities.CreateCol_Opportunity_Description.ColumnId()},{columnId: activities.CreateCol_Opportunity_Value.ColumnId()},]"}}],"propertyStorageProviders":{"$id":"593"}},{"$id":"594","activityId":"e0846c8d-4dda-4dac-b907-96aca829f556","type":"ViewsAdd","name":"CreateView_Proposed","displayName":"CreateView_Proposed","description":"CreateView_Proposed","x":275,"y":9443,"persistWorkflow":false,"loadWorkflowContext":false,"saveWorkflowContext":false,"properties":[{"$id":"595","name":"ViewName","syntax":"Literal","expressions":{"$id":"596","Literal":"Proposed"}},{"$id":"597","name":"ObjectType","syntax":"JavaScript","expressions":{"$id":"598","JavaScript":"return \"Opportunity\";"}},{"$id":"599","name":"ViewDescription","syntax":"Literal","expressions":{"$id":"600","Literal":"All Proposed Opportunities"}},{"$id":"601","name":"Query","syntax":"Literal","expressions":{"$id":"602","Literal":"Status==\"6\""}},{"$id":"603","name":"Orderings","syntax":"JavaScript","expressions":{"$id":"604","JavaScript":"[]"}},{"$id":"605","name":"Projection","syntax":"JavaScript","expressions":{"$id":"606","JavaScript":"[{columnId: activities.CreateCol_Opportunity_Customer.ColumnId()},{columnId: activities.CreateCol_Opportunity_Contact.ColumnId()},{columnId: activities.CreateCol_Opportunity_Description.ColumnId()},{columnId: activities.CreateCol_Opportunity_Value.ColumnId()},]"}}],"propertyStorageProviders":{"$id":"607"}},{"$id":"608","activityId":"ba3dee52-c2ce-4ac6-b565-f56da3672951","type":"ViewsAdd","name":"CreateView_Verbal Opportunities","displayName":"CreateView_Verbal Opportunities","description":"CreateView_Verbal Opportunities","x":275,"y":9690,"persistWorkflow":false,"loadWorkflowContext":false,"saveWorkflowContext":false,"properties":[{"$id":"609","name":"ViewName","syntax":"Literal","expressions":{"$id":"610","Literal":"Verbal Opportunities"}},{"$id":"611","name":"ObjectType","syntax":"JavaScript","expressions":{"$id":"612","JavaScript":"return \"Opportunity\";"}},{"$id":"613","name":"ViewDescription","syntax":"Literal","expressions":{"$id":"614","Literal":"All Verbally Approved Opportunities"}},{"$id":"615","name":"Query","syntax":"Literal","expressions":{"$id":"616","Literal":"Status == \"7\""}},{"$id":"617","name":"Orderings","syntax":"JavaScript","expressions":{"$id":"618","JavaScript":"[]"}},{"$id":"619","name":"Projection","syntax":"JavaScript","expressions":{"$id":"620","JavaScript":"[{columnId: activities.CreateCol_Opportunity_Customer.ColumnId()},{columnId: activities.CreateCol_Opportunity_Contact.ColumnId()},{columnId: activities.CreateCol_Opportunity_Description.ColumnId()},{columnId: activities.CreateCol_Opportunity_Value.ColumnId()},]"}}],"propertyStorageProviders":{"$id":"621"}},{"$id":"622","activityId":"e17637d8-6517-42ae-bc66-b2e5a9ae970b","type":"ViewsAdd","name":"CreateView_Won Opportunities","displayName":"CreateView_Won Opportunities","description":"CreateView_Won Opportunities","x":275,"y":9938,"persistWorkflow":false,"loadWorkflowContext":false,"saveWorkflowContext":false,"properties":[{"$id":"623","name":"ViewName","syntax":"Literal","expressions":{"$id":"624","Literal":"Won Opportunities"}},{"$id":"625","name":"ObjectType","syntax":"JavaScript","expressions":{"$id":"626","JavaScript":"return \"Opportunity\";"}},{"$id":"627","name":"ViewDescription","syntax":"Literal","expressions":{"$id":"628","Literal":"All Won Opportunities"}},{"$id":"629","name":"Query","syntax":"Literal","expressions":{"$id":"630","Literal":"Status ==\"8\""}},{"$id":"631","name":"Orderings","syntax":"JavaScript","expressions":{"$id":"632","JavaScript":"[]"}},{"$id":"633","name":"Projection","syntax":"JavaScript","expressions":{"$id":"634","JavaScript":"[{columnId: activities.CreateCol_Opportunity_Customer.ColumnId()},{columnId: activities.CreateCol_Opportunity_Contact.ColumnId()},{columnId: activities.CreateCol_Opportunity_Description.ColumnId()},{columnId: activities.CreateCol_Opportunity_Value.ColumnId()},]"}}],"propertyStorageProviders":{"$id":"635"}},{"$id":"636","activityId":"0189ee7f-94a2-4dcc-8af2-1f39800e4633","type":"ViewsAdd","name":"CreateView_Lost Opportunities","displayName":"CreateView_Lost Opportunities","description":"CreateView_Lost Opportunities","x":275,"y":10185,"persistWorkflow":false,"loadWorkflowContext":false,"saveWorkflowContext":false,"properties":[{"$id":"637","name":"ViewName","syntax":"Literal","expressions":{"$id":"638","Literal":"Lost Opportunities"}},{"$id":"639","name":"ObjectType","syntax":"JavaScript","expressions":{"$id":"640","JavaScript":"return \"Opportunity\";"}},{"$id":"641","name":"ViewDescription","syntax":"Literal","expressions":{"$id":"642","Literal":"All Lost Opportunities"}},{"$id":"643","name":"Query","syntax":"Literal","expressions":{"$id":"644","Literal":"Status ==\"9\""}},{"$id":"645","name":"Orderings","syntax":"JavaScript","expressions":{"$id":"646","JavaScript":"[]"}},{"$id":"647","name":"Projection","syntax":"JavaScript","expressions":{"$id":"648","JavaScript":"[{columnId: activities.CreateCol_Opportunity_Customer.ColumnId()},{columnId: activities.CreateCol_Opportunity_Contact.ColumnId()},{columnId: activities.CreateCol_Opportunity_Description.ColumnId()},{columnId: activities.CreateCol_Opportunity_Value.ColumnId()},]"}}],"propertyStorageProviders":{"$id":"649"}},{"$id":"650","activityId":"6d6e79cd-a160-4414-8b10-04bb3a312c0d","type":"ObjectInstanceCreate","displayName":"Create Object Instance","x":420,"y":10320,"persistWorkflow":false,"loadWorkflowContext":false,"saveWorkflowContext":false,"properties":[{"$id":"651","name":"ObjectType","syntax":"JavaScript","expressions":{"$id":"652","JavaScript":"activities.CreateType_LeadStatus.ReturnId"}},{"$id":"653","name":"Values","expressions":{"$id":"654","Json":"{\"Title\":\"New\"}"}},{"$id":"655","name":"VariableName","expressions":{"$id":"656"}}],"propertyStorageProviders":{"$id":"657"}},{"$id":"658","activityId":"453287b6-7c75-4e73-9706-4f34e7df846e","type":"ObjectInstanceCreate","displayName":"Create Object Instance","x":820,"y":10320,"persistWorkflow":false,"loadWorkflowContext":false,"saveWorkflowContext":false,"properties":[{"$id":"659","name":"ObjectType","syntax":"JavaScript","expressions":{"$id":"660","JavaScript":"activities.CreateType_LeadStatus.ReturnId"}},{"$id":"661","name":"Values","expressions":{"$id":"662","Json":"{\"Title\":\"In progress\"}"}},{"$id":"663","name":"VariableName","expressions":{"$id":"664"}}],"propertyStorageProviders":{"$id":"665"}},{"$id":"666","activityId":"a488686c-3ffc-443f-8f28-c56ed3176502","type":"ObjectInstanceCreate","displayName":"Create Object Instance","x":1180,"y":10320,"persistWorkflow":false,"loadWorkflowContext":false,"saveWorkflowContext":false,"properties":[{"$id":"667","name":"ObjectType","syntax":"JavaScript","expressions":{"$id":"668","JavaScript":"activities.CreateType_LeadStatus.ReturnId"}},{"$id":"669","name":"Values","expressions":{"$id":"670","Json":"{\"Title\":\"Lost\"}"}},{"$id":"671","name":"VariableName","expressions":{"$id":"672"}}],"propertyStorageProviders":{"$id":"673"}},{"$id":"674","activityId":"4e41b7f1-f515-4feb-b20c-2375cc3f4375","type":"ObjectInstanceCreate","displayName":"Create Object Instance","x":420,"y":10420,"persistWorkflow":false,"loadWorkflowContext":false,"saveWorkflowContext":false,"properties":[{"$id":"675","name":"ObjectType","syntax":"JavaScript","expressions":{"$id":"676","JavaScript":"activities.CreateType_LeadStatus.ReturnId"}},{"$id":"677","name":"Values","expressions":{"$id":"678","Json":"{\"Title\":\"Qualified\"}"}},{"$id":"679","name":"VariableName","expressions":{"$id":"680"}}],"propertyStorageProviders":{"$id":"681"}},{"$id":"682","activityId":"81033bf3-72c1-40f5-b07e-421f1b6dd0c0","type":"ObjectInstanceCreate","displayName":"Create Object Instance","x":820,"y":10420,"persistWorkflow":false,"loadWorkflowContext":false,"saveWorkflowContext":false,"properties":[{"$id":"683","name":"ObjectType","syntax":"JavaScript","expressions":{"$id":"684","JavaScript":"activities.CreateType_OpportunityStatus.ReturnId"}},{"$id":"685","name":"Values","expressions":{"$id":"686","Json":"{\"Title\":\"New\"}"}},{"$id":"687","name":"VariableName","expressions":{"$id":"688"}}],"propertyStorageProviders":{"$id":"689"}},{"$id":"690","activityId":"f6a8ecc9-a0f7-4496-9d66-b86bbd3b8d49","type":"ObjectInstanceCreate","displayName":"Create Object Instance","x":1200,"y":10420,"persistWorkflow":false,"loadWorkflowContext":false,"saveWorkflowContext":false,"properties":[{"$id":"691","name":"ObjectType","syntax":"JavaScript","expressions":{"$id":"692","JavaScript":"activities.CreateType_OpportunityStatus.ReturnId"}},{"$id":"693","name":"Values","expressions":{"$id":"694","Json":"{\"Title\":\"Proposal\"}"}},{"$id":"695","name":"VariableName","expressions":{"$id":"696"}}],"propertyStorageProviders":{"$id":"697"}},{"$id":"698","activityId":"dca6c546-5b80-41b8-9310-30b3323391b1","type":"ObjectInstanceCreate","displayName":"Create Object Instance","x":440,"y":10540,"persistWorkflow":false,"loadWorkflowContext":false,"saveWorkflowContext":false,"properties":[{"$id":"699","name":"ObjectType","syntax":"JavaScript","expressions":{"$id":"700","JavaScript":"activities.CreateType_OpportunityStatus.ReturnId"}},{"$id":"701","name":"Values","expressions":{"$id":"702","Json":"{\"Title\":\"Verbal Approval\"}"}},{"$id":"703","name":"VariableName","expressions":{"$id":"704"}}],"propertyStorageProviders":{"$id":"705"}},{"$id":"706","activityId":"914a47d0-9171-4621-bb83-ae206b1dcd85","type":"ObjectInstanceCreate","displayName":"Create Object Instance","x":1220,"y":10540,"persistWorkflow":false,"loadWorkflowContext":false,"saveWorkflowContext":false,"properties":[{"$id":"707","name":"ObjectType","syntax":"JavaScript","expressions":{"$id":"708","JavaScript":"activities.CreateType_OpportunityStatus.ReturnId"}},{"$id":"709","name":"Values","expressions":{"$id":"710","Json":"{\"Title\":\"Closed - Lost\"}"}},{"$id":"711","name":"VariableName","expressions":{"$id":"712"}}],"propertyStorageProviders":{"$id":"713"}},{"$id":"714","activityId":"dcc10092-b60e-48a7-aeca-cb95044ef37b","type":"ObjectInstanceCreate","displayName":"Create Object Instance","x":820,"y":10540,"persistWorkflow":false,"loadWorkflowContext":false,"saveWorkflowContext":false,"properties":[{"$id":"715","name":"ObjectType","syntax":"JavaScript","expressions":{"$id":"716","Literal":"6","JavaScript":"activities.CreateType_OpportunityStatus.ReturnId"}},{"$id":"717","name":"Values","expressions":{"$id":"718","Json":"{\"Title\":\"Closed - Won\"}"}},{"$id":"719","name":"VariableName","expressions":{"$id":"720"}}],"propertyStorageProviders":{"$id":"721"}}],"connections":[{"$id":"722","sourceActivityId":"CreateType_Lead","targetActivityId":"CreateCol_Lead_1","outcome":"Success"},{"$id":"723","sourceActivityId":"CreateCol_Lead_1","targetActivityId":"CreateCol_Lead_6","outcome":"Success"},{"$id":"724","sourceActivityId":"CreateCol_Lead_6","targetActivityId":"CreateCol_Lead_7","outcome":"Success"},{"$id":"725","sourceActivityId":"CreateCol_Lead_7","targetActivityId":"CreateCol_Lead_8","outcome":"Success"},{"$id":"726","sourceActivityId":"CreateCol_Lead_8","targetActivityId":"CreateCol_Lead_9","outcome":"Success"},{"$id":"727","sourceActivityId":"CreateCol_Lead_9","targetActivityId":"CreateCol_Lead_10","outcome":"Success"},{"$id":"728","sourceActivityId":"CreateCol_Lead_10","targetActivityId":"CreateCol_Lead_11","outcome":"Success"},{"$id":"729","sourceActivityId":"CreateCol_Lead_11","targetActivityId":"CreateCol_Lead_12","outcome":"Success"},{"$id":"730","sourceActivityId":"CreateCol_Lead_12","targetActivityId":"CreateType_LeadStatus","outcome":"Success"},{"$id":"731","sourceActivityId":"CreateType_LeadStatus","targetActivityId":"CreateType_Customer","outcome":"Success"},{"$id":"732","sourceActivityId":"CreateType_Customer","targetActivityId":"CreateCol_Customer_13","outcome":"Success"},{"$id":"733","sourceActivityId":"CreateCol_Customer_13","targetActivityId":"CreateCol_Customer_14","outcome":"Success"},{"$id":"734","sourceActivityId":"CreateCol_Customer_14","targetActivityId":"CreateCol_Customer_15","outcome":"Success"},{"$id":"735","sourceActivityId":"CreateCol_Customer_15","targetActivityId":"CreateCol_Customer_16","outcome":"Success"},{"$id":"736","sourceActivityId":"CreateCol_Customer_16","targetActivityId":"CreateCol_Customer_17","outcome":"Success"},{"$id":"737","sourceActivityId":"CreateCol_Customer_17","targetActivityId":"CreateType_Contact","outcome":"Success"},{"$id":"738","sourceActivityId":"CreateType_Contact","targetActivityId":"CreateCol_Contact_4","outcome":"Success"},{"$id":"739","sourceActivityId":"CreateCol_Contact_4","targetActivityId":"CreateCol_Contact_18","outcome":"Success"},{"$id":"740","sourceActivityId":"CreateCol_Contact_18","targetActivityId":"CreateCol_Contact_19","outcome":"Success"},{"$id":"741","sourceActivityId":"CreateCol_Contact_19","targetActivityId":"CreateCol_Contact_20","outcome":"Success"},{"$id":"742","sourceActivityId":"CreateCol_Contact_20","targetActivityId":"CreateType_Opportunity","outcome":"Success"},{"$id":"743","sourceActivityId":"CreateType_Opportunity","targetActivityId":"CreateCol_Opportunity_21","outcome":"Success"},{"$id":"744","sourceActivityId":"CreateCol_Opportunity_21","targetActivityId":"CreateCol_Opportunity_23","outcome":"Success"},{"$id":"745","sourceActivityId":"CreateCol_Opportunity_23","targetActivityId":"CreateCol_Opportunity_24","outcome":"Success"},{"$id":"746","sourceActivityId":"CreateCol_Opportunity_24","targetActivityId":"CreateCol_Opportunity_26","outcome":"Success"},{"$id":"747","sourceActivityId":"CreateCol_Opportunity_26","targetActivityId":"CreateCol_Opportunity_27","outcome":"Success"},{"$id":"748","sourceActivityId":"CreateCol_Opportunity_27","targetActivityId":"CreateCol_Opportunity_28","outcome":"Success"},{"$id":"749","sourceActivityId":"CreateCol_Opportunity_28","targetActivityId":"CreateType_OpportunityStatus","outcome":"Success"},{"$id":"750","sourceActivityId":"CreateType_OpportunityStatus","targetActivityId":"d980303d-53e3-4296-b61c-772a1acab544","outcome":"Success"},{"$id":"751","sourceActivityId":"d980303d-53e3-4296-b61c-772a1acab544","targetActivityId":"c81fe2b2-0cce-4174-80dc-a749739462d8","outcome":"Success"},{"$id":"752","sourceActivityId":"c81fe2b2-0cce-4174-80dc-a749739462d8","targetActivityId":"0125ada7-730e-476a-bbac-5d4a5e8ba8a5","outcome":"Success"},{"$id":"753","sourceActivityId":"0125ada7-730e-476a-bbac-5d4a5e8ba8a5","targetActivityId":"3f0f3e8e-2286-4299-8f7e-0654e4e76ade","outcome":"Success"},{"$id":"754","sourceActivityId":"3f0f3e8e-2286-4299-8f7e-0654e4e76ade","targetActivityId":"5d927103-20b6-4999-ab2a-f5e4239fb5c3","outcome":"Success"},{"$id":"755","sourceActivityId":"5d927103-20b6-4999-ab2a-f5e4239fb5c3","targetActivityId":"c4140b05-b98d-4112-8548-d339b5c4a59c","outcome":"Success"},{"$id":"756","sourceActivityId":"c4140b05-b98d-4112-8548-d339b5c4a59c","targetActivityId":"426608a9-a69d-4502-8f05-198ceb52f164","outcome":"Success"},{"$id":"757","sourceActivityId":"426608a9-a69d-4502-8f05-198ceb52f164","targetActivityId":"55199d41-8161-49b9-9d40-ec83e35a562c","outcome":"Success"},{"$id":"758","sourceActivityId":"55199d41-8161-49b9-9d40-ec83e35a562c","targetActivityId":"e0bd68f2-ea32-43fe-8bc9-2e0340c3b0fb","outcome":"Success"},{"$id":"759","sourceActivityId":"e0bd68f2-ea32-43fe-8bc9-2e0340c3b0fb","targetActivityId":"e0846c8d-4dda-4dac-b907-96aca829f556","outcome":"Success"},{"$id":"760","sourceActivityId":"e0846c8d-4dda-4dac-b907-96aca829f556","targetActivityId":"ba3dee52-c2ce-4ac6-b565-f56da3672951","outcome":"Success"},{"$id":"761","sourceActivityId":"ba3dee52-c2ce-4ac6-b565-f56da3672951","targetActivityId":"e17637d8-6517-42ae-bc66-b2e5a9ae970b","outcome":"Success"},{"$id":"762","sourceActivityId":"e17637d8-6517-42ae-bc66-b2e5a9ae970b","targetActivityId":"0189ee7f-94a2-4dcc-8af2-1f39800e4633","outcome":"Success"},{"$id":"763","sourceActivityId":"0189ee7f-94a2-4dcc-8af2-1f39800e4633","targetActivityId":"6d6e79cd-a160-4414-8b10-04bb3a312c0d","outcome":"Success"},{"$id":"764","sourceActivityId":"6d6e79cd-a160-4414-8b10-04bb3a312c0d","targetActivityId":"453287b6-7c75-4e73-9706-4f34e7df846e","outcome":"Done"},{"$id":"765","sourceActivityId":"453287b6-7c75-4e73-9706-4f34e7df846e","targetActivityId":"a488686c-3ffc-443f-8f28-c56ed3176502","outcome":"Done"},{"$id":"766","sourceActivityId":"a488686c-3ffc-443f-8f28-c56ed3176502","targetActivityId":"4e41b7f1-f515-4feb-b20c-2375cc3f4375","outcome":"Done"},{"$id":"767","sourceActivityId":"4e41b7f1-f515-4feb-b20c-2375cc3f4375","targetActivityId":"81033bf3-72c1-40f5-b07e-421f1b6dd0c0","outcome":"Done"},{"$id":"768","sourceActivityId":"81033bf3-72c1-40f5-b07e-421f1b6dd0c0","targetActivityId":"f6a8ecc9-a0f7-4496-9d66-b86bbd3b8d49","outcome":"Done"},{"$id":"769","sourceActivityId":"f6a8ecc9-a0f7-4496-9d66-b86bbd3b8d49","targetActivityId":"dca6c546-5b80-41b8-9310-30b3323391b1","outcome":"Done"},{"$id":"770","sourceActivityId":"dca6c546-5b80-41b8-9310-30b3323391b1","targetActivityId":"dcc10092-b60e-48a7-aeca-cb95044ef37b","outcome":"Done"},{"$id":"771","sourceActivityId":"dcc10092-b60e-48a7-aeca-cb95044ef37b","targetActivityId":"914a47d0-9171-4621-bb83-ae206b1dcd85","outcome":"Done"}],"id":"8c1d893fd5e74413b9bcd41c1a0184db"}