{"$id":"1","name":"WorkflowsCRM","description":"The Workflows CRM, an initial basic CRM for training purposes","version":"1","icon":"","iconName":"Icon","deleteWorkflowAfterSetup":true,"typeQueries":[{"$id":"2","sourceTypeId":1,"selected":true,"typeName":"Lead","typeDescription":"A Lead","typeColumns":[{"$id":"3","columnId":1,"columnName":"Fullname","columnDisplayName":"Full Name","columnDescription":"Full Name","dataTypeId":6,"displayOrder":1,"visible":true,"indexed":false},{"$id":"4","columnId":6,"columnName":"Email","columnDisplayName":"Email","columnDescription":"Email","dataTypeId":6,"displayOrder":2,"visible":true,"indexed":false},{"$id":"5","columnId":7,"columnName":"Phone","columnDisplayName":"Phone","columnDescription":"Phone","dataTypeId":6,"displayOrder":3,"visible":true,"indexed":false},{"$id":"6","columnId":8,"columnName":"Company","columnDisplayName":"Company","columnDescription":"Company","dataTypeId":6,"displayOrder":4,"visible":true,"indexed":false},{"$id":"7","columnId":9,"columnName":"OpportunityName","columnDisplayName":"OpportunityName","columnDescription":"OpportunityName","dataTypeId":6,"displayOrder":5,"visible":true,"indexed":false},{"$id":"8","columnId":10,"columnName":"Value","columnDisplayName":"Value","columnDescription":"Value","dataTypeId":3,"displayOrder":6,"visible":true,"indexed":false},{"$id":"9","columnId":11,"columnName":"EstClose","columnDisplayName":"Est. Close Date","columnDescription":"Est. Close Date","dataTypeId":7,"displayOrder":7,"visible":true,"indexed":false},{"$id":"10","columnId":12,"columnName":"Status","columnDisplayName":"Status","columnDescription":"Status","dataTypeId":1,"displayOrder":8,"principalType":2,"visible":true,"indexed":false}],"typeData":[],"query":"","allDataSelected":false},{"$id":"11","sourceTypeId":2,"selected":true,"typeName":"LeadStatus","typeDescription":"Lead Status","typeColumns":[{"$id":"12","columnId":2,"columnName":"Title","columnDisplayName":"Title","columnDescription":"Title of the Object","dataTypeId":6,"displayOrder":1,"visible":true,"indexed":false}],"typeData":[],"query":"","allDataSelected":false},{"$id":"13","sourceTypeId":3,"selected":true,"typeName":"Customer","typeDescription":"A Customer or Company","typeColumns":[{"$id":"14","columnId":3,"columnName":"Title","columnDisplayName":"Title","columnDescription":"Title of the Object","dataTypeId":6,"displayOrder":1,"visible":true,"indexed":false},{"$id":"15","columnId":13,"columnName":"StreetAddress","columnDisplayName":"Street Address","columnDescription":"Street Address","dataTypeId":6,"displayOrder":2,"visible":true,"indexed":false},{"$id":"16","columnId":14,"columnName":"City","columnDisplayName":"City","columnDescription":"City","dataTypeId":6,"displayOrder":3,"visible":true,"indexed":false},{"$id":"17","columnId":15,"columnName":"State","columnDisplayName":"State","columnDescription":"State","dataTypeId":6,"displayOrder":4,"visible":true,"indexed":false},{"$id":"18","columnId":16,"columnName":"Website","columnDisplayName":"Website","columnDescription":"Website","dataTypeId":6,"displayOrder":5,"visible":true,"indexed":false},{"$id":"19","columnId":17,"columnName":"PrimaryContact","columnDisplayName":"Primary Contact","columnDescription":"Primary Contact","dataTypeId":1,"displayOrder":6,"principalType":4,"visible":true,"indexed":false}],"typeData":[],"query":"","allDataSelected":false},{"$id":"20","sourceTypeId":4,"selected":true,"typeName":"Contact","typeDescription":"A Person","typeColumns":[{"$id":"21","columnId":4,"columnName":"FullName","columnDisplayName":"Full Name","columnDescription":"Full Name","dataTypeId":6,"displayOrder":1,"visible":true,"indexed":false},{"$id":"22","columnId":18,"columnName":"Email","columnDisplayName":"Email","columnDescription":"Email","dataTypeId":6,"displayOrder":2,"visible":true,"indexed":false},{"$id":"23","columnId":19,"columnName":"Phone","columnDisplayName":"Phone","columnDescription":"Phone","dataTypeId":6,"displayOrder":3,"visible":true,"indexed":false},{"$id":"24","columnId":20,"columnName":"Company","columnDisplayName":"Company","columnDescription":"Company","dataTypeId":1,"displayOrder":4,"principalType":3,"visible":true,"indexed":false}],"typeData":[],"query":"","allDataSelected":false},{"$id":"25","sourceTypeId":5,"selected":true,"typeName":"Opportunity","typeDescription":"An Opportunity","typeColumns":[{"$id":"26","columnId":5,"columnName":"Title","columnDisplayName":"Title","columnDescription":"Title of the Object","dataTypeId":6,"displayOrder":1,"visible":true,"indexed":false},{"$id":"27","columnId":21,"columnName":"Customer","columnDisplayName":"Customer","columnDescription":"Customer","dataTypeId":1,"displayOrder":2,"principalType":3,"visible":true,"indexed":false},{"$id":"28","columnId":23,"columnName":"Description","columnDisplayName":"Description","columnDescription":"Description","dataTypeId":6,"displayOrder":4,"visible":true,"indexed":false},{"$id":"29","columnId":24,"columnName":"Value","columnDisplayName":"Value","columnDescription":"Value","dataTypeId":3,"displayOrder":5,"visible":true,"indexed":false},{"$id":"30","columnId":26,"columnName":"Status","columnDisplayName":"Status","columnDescription":"Status","dataTypeId":1,"displayOrder":6,"principalType":6,"visible":true,"indexed":false},{"$id":"31","columnId":27,"columnName":"InitialLead","columnDisplayName":"InitialLead","columnDescription":"InitialLead","dataTypeId":1,"displayOrder":7,"principalType":1,"visible":true,"indexed":false},{"$id":"32","columnId":28,"columnName":"Contact","columnDisplayName":"Contact","columnDescription":"Contact","dataTypeId":1,"displayOrder":3,"principalType":4,"visible":true,"indexed":false}],"typeData":[],"query":"","allDataSelected":false},{"$id":"33","sourceTypeId":6,"selected":true,"typeName":"OpportunityStatus","typeDescription":"The Status of an Opportunity","typeColumns":[{"$id":"34","columnId":25,"columnName":"Title","columnDisplayName":"Title","columnDescription":"Title of the Object","dataTypeId":6,"displayOrder":1,"visible":true,"indexed":false}],"typeData":[],"query":"","allDataSelected":false}],"workflowQueries":[{"$id":"35","selected":true,"workflowDefinitionResponse":{"$id":"36","id":"2a55370ee92241e0b4aba41f40f58603","definitionId":"4b9c1c2ff1604d69b89d4e0d48d06868","versionId":"2a55370ee92241e0b4aba41f40f58603","name":"QualifyLead","displayName":"Qualifies a Lead","version":8,"variables":"{}","customAttributes":"{}","isSingleton":false,"persistenceBehavior":"WorkflowBurst","deleteCompletedInstances":false,"isPublished":true,"isLatest":true,"activities":[{"$id":"37","activityId":"001f1dd0-2195-47ca-b08f-ad121e73e461","type":"ObjectInstanceTrigger","name":"Qualify","displayName":"Qualify","persistWorkflow":false,"loadWorkflowContext":false,"saveWorkflowContext":false,"properties":[{"$id":"38","name":"ObjectTypeId","expressions":{"$id":"39","literal":"1"}}]},{"$id":"40","activityId":"7f28ff04-3744-4c66-aabc-b405ac320d5c","type":"SetVariable","name":"SetThisLead","displayName":"Set Variable ThisLead","persistWorkflow":false,"loadWorkflowContext":false,"saveWorkflowContext":false,"properties":[{"$id":"41","name":"VariableName","expressions":{"$id":"42","literal":"ThisLead"}},{"$id":"43","name":"Value","syntax":"JavaScript","expressions":{"$id":"44","javaScript":"activities.Qualify.Instance()"}}]},{"$id":"45","activityId":"ab6e5093-7f1f-49cf-85e2-5eee09469ef8","type":"ObjectInstanceList","name":"GetCustomers","displayName":"Get All Customers Matching the Lead Record","persistWorkflow":false,"loadWorkflowContext":false,"saveWorkflowContext":false,"properties":[{"$id":"46","name":"ObjectType","expressions":{"$id":"47","literal":"3"}},{"$id":"48","name":"Filter","syntax":"Liquid","expressions":{"$id":"49","liquid":"Title eq '{{Variables.ThisLead.Customer}}'"}},{"$id":"50","name":"Skip","expressions":{"$id":"51"}},{"$id":"52","name":"Limit","expressions":{"$id":"53"}},{"$id":"54","name":"OrderBy","expressions":{"$id":"55"}}]},{"$id":"56","activityId":"c642c879-390b-428d-a8b2-bf2aa5b3dd44","type":"If","displayName":"If there is a customer record","persistWorkflow":false,"loadWorkflowContext":false,"saveWorkflowContext":false,"properties":[{"$id":"57","name":"Condition","syntax":"JavaScript","expressions":{"$id":"58","javaScript":"activities.GetCustomers.Output().count>0"}}]},{"$id":"59","activityId":"fe2f76b6-9aeb-4632-8bab-336e20281278","type":"SetVariable","displayName":"Set Variable NewCustomer","persistWorkflow":false,"loadWorkflowContext":false,"saveWorkflowContext":false,"properties":[{"$id":"60","name":"VariableName","expressions":{"$id":"61","literal":"NewCustomer"}},{"$id":"62","name":"Value","syntax":"JavaScript","expressions":{"$id":"63","javaScript":"activities.GetCustomers.Output()[0]"}}]},{"$id":"64","activityId":"6ece91c8-e6fa-4e84-8fcf-f6f7e89a8423","type":"ObjectInstanceCreate","displayName":"Create Customer, Set Variable newCustomer","persistWorkflow":false,"loadWorkflowContext":false,"saveWorkflowContext":false,"properties":[{"$id":"65","name":"ObjectType","expressions":{"$id":"66","literal":"3"}},{"$id":"67","name":"Values","syntax":"JavaScript","expressions":{"$id":"68","javaScript":"var result = {\r\n    \"Title\": getVariable(\"ThisLead\").Company\r\n};\r\nreturn result;"}},{"$id":"69","name":"VariableName","expressions":{"$id":"70","literal":"NewCustomer"}}]},{"$id":"71","activityId":"4464f011-f6da-42fa-b6c6-19268bde14bb","type":"ObjectInstanceList","name":"GetContact","displayName":"Get All Contacts matching the lead record","persistWorkflow":false,"loadWorkflowContext":false,"saveWorkflowContext":false,"properties":[{"$id":"72","name":"ObjectType","expressions":{"$id":"73","literal":"4"}},{"$id":"74","name":"Filter","syntax":"Liquid","expressions":{"$id":"75","liquid":"Email eq '{{Variables.ThisLead.Email}}'"}},{"$id":"76","name":"Skip","expressions":{"$id":"77"}},{"$id":"78","name":"Limit","expressions":{"$id":"79"}},{"$id":"80","name":"OrderBy","expressions":{"$id":"81"}}]},{"$id":"82","activityId":"57088a3a-9874-499c-aef0-76f9ff9573b4","type":"If","displayName":"If there is a contact record","persistWorkflow":false,"loadWorkflowContext":false,"saveWorkflowContext":false,"properties":[{"$id":"83","name":"Condition","syntax":"JavaScript","expressions":{"$id":"84","javaScript":"activities.GetContact.Output().count>0"}}]},{"$id":"85","activityId":"e61bdd38-210b-48ea-8033-b608778b741d","type":"SetVariable","displayName":"Set Variable","persistWorkflow":false,"loadWorkflowContext":false,"saveWorkflowContext":false,"properties":[{"$id":"86","name":"VariableName","expressions":{"$id":"87","literal":"NewContact"}},{"$id":"88","name":"Value","syntax":"JavaScript","expressions":{"$id":"89","javaScript":"activities.GetContact.Output()[0]"}}]},{"$id":"90","activityId":"c8970741-4fe0-497e-99a8-88b6903cc527","type":"ObjectInstanceCreate","name":"CreateContact","displayName":"Create Contact Record","persistWorkflow":false,"loadWorkflowContext":false,"saveWorkflowContext":false,"properties":[{"$id":"91","name":"ObjectType","expressions":{"$id":"92","literal":"4"}},{"$id":"93","name":"Values","syntax":"JavaScript","expressions":{"$id":"94","javaScript":"var result = {\r\n    \"FullName\": getVariable(\"ThisLead\").Fullname,\r\n    \"Email\": getVariable(\"ThisLead\").Email,\r\n    \"Phone\": getVariable(\"ThisLead\").Phone,\r\n    \"Company\": getVariable(\"NewCustomer\").ObjectId\r\n};\r\nreturn result;"}},{"$id":"95","name":"VariableName","expressions":{"$id":"96","literal":"NewContact"}}]},{"$id":"97","activityId":"c4633581-e868-4c56-a978-bddb2e51d932","type":"ObjectInstanceCreate","name":"CreateOpportunityRecord","displayName":"Creates Opportunity Record","persistWorkflow":false,"loadWorkflowContext":false,"saveWorkflowContext":false,"properties":[{"$id":"98","name":"ObjectType","expressions":{"$id":"99","literal":"5"}},{"$id":"100","name":"Values","syntax":"JavaScript","expressions":{"$id":"101","javaScript":"var result = \r\n{\r\n    \"Title\": getVariable(\"ThisLead\").OpportunityName,\r\n    \"Customer\": getVariable(\"NewCustomer\").ObjectId,\r\n    \"Contact\": getVariable(\"NewContact\").ObjectId,\r\n    \"Value\": getVariable(\"ThisLead\").Value,\r\n    \"Status\": 5\r\n};\r\nreturn result;"}},{"$id":"102","name":"VariableName","expressions":{"$id":"103","literal":"NewOpportunity"}}]},{"$id":"104","activityId":"36d4aa44-864c-43e0-9afe-360492531418","type":"ObjectInstanceUpdate","displayName":"Update Object Instance","persistWorkflow":false,"loadWorkflowContext":false,"saveWorkflowContext":false,"properties":[{"$id":"105","name":"InstanceId","syntax":"JavaScript","expressions":{"$id":"106","javaScript":"getVariable(\"ThisLead\").ObjectId"}},{"$id":"107","name":"ClearOmittedFields","expressions":{"$id":"108"}},{"$id":"109","name":"Values","expressions":{"$id":"110"}},{"$id":"111","name":"VariableName","expressions":{"$id":"112","literal":"UpdatedLead"}}]}],"connections":[{"$id":"113","sourceActivityId":"001f1dd0-2195-47ca-b08f-ad121e73e461","targetActivityId":"7f28ff04-3744-4c66-aabc-b405ac320d5c","outcome":"Done"},{"$id":"114","sourceActivityId":"7f28ff04-3744-4c66-aabc-b405ac320d5c","targetActivityId":"ab6e5093-7f1f-49cf-85e2-5eee09469ef8","outcome":"Done"},{"$id":"115","sourceActivityId":"ab6e5093-7f1f-49cf-85e2-5eee09469ef8","targetActivityId":"c642c879-390b-428d-a8b2-bf2aa5b3dd44","outcome":"Done"},{"$id":"116","sourceActivityId":"c642c879-390b-428d-a8b2-bf2aa5b3dd44","targetActivityId":"6ece91c8-e6fa-4e84-8fcf-f6f7e89a8423","outcome":"False"},{"$id":"117","sourceActivityId":"c642c879-390b-428d-a8b2-bf2aa5b3dd44","targetActivityId":"fe2f76b6-9aeb-4632-8bab-336e20281278","outcome":"True"},{"$id":"118","sourceActivityId":"fe2f76b6-9aeb-4632-8bab-336e20281278","targetActivityId":"4464f011-f6da-42fa-b6c6-19268bde14bb","outcome":"Done"},{"$id":"119","sourceActivityId":"6ece91c8-e6fa-4e84-8fcf-f6f7e89a8423","targetActivityId":"4464f011-f6da-42fa-b6c6-19268bde14bb","outcome":"Done"},{"$id":"120","sourceActivityId":"4464f011-f6da-42fa-b6c6-19268bde14bb","targetActivityId":"57088a3a-9874-499c-aef0-76f9ff9573b4","outcome":"Done"},{"$id":"121","sourceActivityId":"57088a3a-9874-499c-aef0-76f9ff9573b4","targetActivityId":"e61bdd38-210b-48ea-8033-b608778b741d","outcome":"True"},{"$id":"122","sourceActivityId":"57088a3a-9874-499c-aef0-76f9ff9573b4","targetActivityId":"c8970741-4fe0-497e-99a8-88b6903cc527","outcome":"False"},{"$id":"123","sourceActivityId":"e61bdd38-210b-48ea-8033-b608778b741d","targetActivityId":"c4633581-e868-4c56-a978-bddb2e51d932","outcome":"Done"},{"$id":"124","sourceActivityId":"c8970741-4fe0-497e-99a8-88b6903cc527","targetActivityId":"c4633581-e868-4c56-a978-bddb2e51d932","outcome":"Done"},{"$id":"125","sourceActivityId":"c4633581-e868-4c56-a978-bddb2e51d932","targetActivityId":"36d4aa44-864c-43e0-9afe-360492531418","outcome":"Done"}]}}],"viewQueries":[{"$id":"126","viewId":1,"viewName":"Customers","viewDescription":"All Customers","viewType":"Customer","selected":true,"view":{"name":"Customers","description":"All Customers","definition":null,"isDefault":false,"query":"","typeId":3,"parentId":null,"projection":[3,14,16,17],"orderings":[[3,"A"]]}},{"$id":"127","viewId":2,"viewName":"Leads","viewDescription":"All Open Leads","viewType":"Lead","selected":true,"view":{"name":"Leads","description":"All Open Leads","definition":null,"isDefault":false,"query":"Status==\"1\" || Status ==\"2\"","typeId":1,"parentId":null,"projection":[1,8,9,10,11,12],"orderings":[[1,"A"]]}},{"$id":"128","viewId":3,"viewName":"New Leads","viewDescription":"All New Leads","viewType":"Lead","selected":true,"view":{"name":"New Leads","description":"All New Leads","definition":null,"isDefault":false,"query":"Status==\"1\"","typeId":1,"parentId":2,"projection":[1,8,9,10,11],"orderings":[[11,"A"]]}},{"$id":"129","viewId":4,"viewName":"Opportunities","viewDescription":"All Open Opportunities","viewType":"Opportunity","selected":true,"view":{"name":"Opportunities","description":"All Open Opportunities","definition":null,"isDefault":false,"query":"Status ==\"5\" || Status ==\"6\" || Status==\"7\"","typeId":5,"parentId":null,"projection":[5,21,28,23,24,26],"orderings":[]}},{"$id":"130","viewId":5,"viewName":"Contacts","viewDescription":"All Contacts","viewType":"Contact","selected":true,"view":{"name":"Contacts","description":"All Contacts","definition":null,"isDefault":false,"query":"","typeId":4,"parentId":null,"projection":[4,18,19,20],"orderings":[]}},{"$id":"131","viewId":6,"viewName":"In Progress Leads","viewDescription":"All In Progress Leads","viewType":"Lead","selected":true,"view":{"name":"In Progress Leads","description":"All In Progress Leads","definition":null,"isDefault":false,"query":"Status==\"2\"","typeId":1,"parentId":2,"projection":[1,8,9,10,11],"orderings":[]}},{"$id":"132","viewId":7,"viewName":"Lost Leads","viewDescription":"All Lost Leads","viewType":"Lead","selected":true,"view":{"name":"Lost Leads","description":"All Lost Leads","definition":null,"isDefault":false,"query":"Status==\"3\"","typeId":1,"parentId":2,"projection":[1,8,9,10,11],"orderings":[]}},{"$id":"133","viewId":8,"viewName":"Qualified Leads","viewDescription":"All Qualified Leads","viewType":"Lead","selected":true,"view":{"name":"Qualified Leads","description":"All Qualified Leads","definition":null,"isDefault":false,"query":"Status==\"4\"","typeId":1,"parentId":2,"projection":[1,8,9,10,11],"orderings":[]}},{"$id":"134","viewId":9,"viewName":"New Opportunities","viewDescription":"All New Opportunities","viewType":"Opportunity","selected":true,"view":{"name":"New Opportunities","description":"All New Opportunities","definition":null,"isDefault":false,"query":"Status==\"5\"","typeId":5,"parentId":4,"projection":[5,21,28,23,24],"orderings":[]}},{"$id":"135","viewId":10,"viewName":"Proposed","viewDescription":"All Proposed Opportunities","viewType":"Opportunity","selected":true,"view":{"name":"Proposed","description":"All Proposed Opportunities","definition":null,"isDefault":false,"query":"Status==\"6\"","typeId":5,"parentId":4,"projection":[5,21,28,23,24],"orderings":[]}},{"$id":"136","viewId":11,"viewName":"Verbal Opportunities","viewDescription":"All Verbally Approved Opportunities","viewType":"Opportunity","selected":true,"view":{"name":"Verbal Opportunities","description":"All Verbally Approved Opportunities","definition":null,"isDefault":false,"query":"Status == \"7\"","typeId":5,"parentId":4,"projection":[5,21,28,23,24],"orderings":[]}},{"$id":"137","viewId":12,"viewName":"Won Opportunities","viewDescription":"All Won Opportunities","viewType":"Opportunity","selected":true,"view":{"name":"Won Opportunities","description":"All Won Opportunities","definition":null,"isDefault":false,"query":"Status ==\"8\"","typeId":5,"parentId":4,"projection":[5,21,28,23,24],"orderings":[]}},{"$id":"138","viewId":13,"viewName":"Lost Opportunities","viewDescription":"All Lost Opportunities","viewType":"Opportunity","selected":true,"view":{"name":"Lost Opportunities","description":"All Lost Opportunities","definition":null,"isDefault":false,"query":"Status ==\"9\"","typeId":5,"parentId":4,"projection":[5,21,28,23,24],"orderings":[]}}],"enableData":false,"solutionImportArchive":""}